County,Mean_NDVI,Min_NDVI,Date
Alachua,0.3836227272727273,0.0337,2020-11-06
Baker,0.12755,-0.0039,2020-11-06
Bay,0.209536,0.0611,2020-11-06
Bradford,0.33378620689655175,0.0388,2020-11-06
Brevard,0.10419901960784314,0.0039,2020-11-06
Broward,0.20568048780487805,0.012,2020-11-06
Calhoun,0.21460185185185185,0.0821,2020-11-06
Charlotte,0.3864746666666667,0.0671,2020-11-06
Citrus,0.2155263157894737,0.0578,2020-11-06
Clay,0.3167050847457627,0.033,2020-11-06
Collier,0.23078440860215055,0,2020-11-06
Columbia,0.26270750000000004,0.0115,2020-11-06
DeSoto,0.3008733333333333,0.08660000000000001,2020-11-06
Dixie,0.3667867647058824,0.0867,2020-11-06
Duval,0.33520428571428573,0.019,2020-11-06
Escambia,0.31539696969696973,0.1013,2020-11-06
Flagler,0.37381458333333334,0.102,2020-11-06
Franklin,0.17139200000000002,0.06770000000000001,2020-11-06
Gadsden,0.14697058823529413,0.0576,2020-11-06
Gilchrist,0.3666314285714286,0.0328,2020-11-06
Glades,0.45450348837209303,0.0945,2020-11-06
Gulf,0.15712641509433964,0.0692,2020-11-06
Hamilton,0.40074375,0.0753,2020-11-06
Hardee,0.40201,0.1786,2020-11-06
Hendry,0.3276049504950495,0.0468,2020-11-06
Hernando,0.11607857142857143,0.0568,2020-11-06
Highlands,0.32914270833333337,0.0385,2020-11-06
Hillsborough,0.20150315789473688,0.0511,2020-11-06
Holmes,0.2518877551020408,0.1018,2020-11-06
Indian River,0.09459777777777778,0.0109,2020-11-06
Jackson,0.45797857142857146,0.08600000000000001,2020-11-06
Jefferson,0.32549500000000003,0.1001,2020-11-06
Lafayette,0.3399764705882353,0.0137,2020-11-06
Lake,0.15279278350515466,0.0563,2020-11-06
Lee,0.3695948717948718,0.1137,2020-11-06
Leon,0.22642352941176472,0.0697,2020-11-06
Levy,0.3642,0.0271,2020-11-06
Liberty,0.1308,0.0557,2020-11-06
Madison,0.43447222222222226,0.1027,2020-11-06
Manatee,0.2722114285714286,0.0258,2020-11-06
Marion,0.4058422360248448,0.0553,2020-11-06
Martin,0.34485849056603773,0.0257,2020-11-06
Miami-Dade,0.11004023668639054,0.0192,2020-11-06
Monroe,0.12576447368421054,-0.0056,2020-11-06
Nassau,0.25216229508196725,0.0214,2020-11-06
Okaloosa,0.20415434782608696,0.0712,2020-11-06
Okeechobee,0.16446338028169016,0.0044,2020-11-06
Orange,0.10581818181818184,0.0294,2020-11-06
Osceola,0.21632446043165468,0.0517,2020-11-06
Palm Beach,0.3671577777777778,0.0646,2020-11-06
Pasco,0.16957976190476193,0.0728,2020-11-06
Pinellas,0.3019375,0.0489,2020-11-06
Polk,0.28698693181818186,0.0566,2020-11-06
Putnam,0.4516818181818182,0.0624,2020-11-06
Santa Rosa,0.3421357142857143,0.0627,2020-11-06
Sarasota,0.3671385964912281,0.1388,2020-11-06
Seminole,0.1296969696969697,0.0452,2020-11-06
St. Johns,0.25937796610169495,0.0027,2020-11-06
St. Lucie,0.20830892857142855,0.0115,2020-11-06
Sumter,0.1705357142857143,0.0534,2020-11-06
Suwannee,0.30796376811594206,0.0049,2020-11-06
Taylor,0.4249803738317757,0.1296,2020-11-06
Union,0.5210083333333334,0.1305,2020-11-06
Volusia,0.2649,0.0488,2020-11-06
Wakulla,0.21620535714285716,0.063,2020-11-06
Walton,0.20175714285714288,0.0466,2020-11-06
Washington,0.24817333333333336,0.1055,2020-11-06
NA,0.26847818181818184,0.0507,2020-11-06
Alachua,0.3318261363636364,0.054,2020-11-07
Baker,0.34429811320754716,0.0502,2020-11-07
Bay,0.164032,0.0212,2020-11-07
Bradford,0.37870333333333334,0.0309,2020-11-07
Brevard,0.1129795918367347,0.0049,2020-11-07
Broward,-0.01236666666666666,-0.029,2020-11-07
Calhoun,0.23241851851851852,0.0224,2020-11-07
Charlotte,0.08607662337662338,-0.0042,2020-11-07
Citrus,0.5097228070175439,0.228,2020-11-07
Clay,0.3627745762711865,0.0497,2020-11-07
Collier,-0.00784838709677419,-0.0182,2020-11-07
Columbia,0.16087875,-0.0097,2020-11-07
DeSoto,0.02011166666666666,-0.0079,2020-11-07
Dixie,0.4590850746268657,0.015,2020-11-07
Duval,0.4377231884057971,0.0622,2020-11-07
Escambia,0.03144477611940299,0.0017,2020-11-07
Flagler,0.4996291666666667,0.0939,2020-11-07
Franklin,0.1673408163265306,0.0184,2020-11-07
Gadsden,0.08260392156862746,0.0272,2020-11-07
Gilchrist,0.25992,0.0418,2020-11-07
Glades,0.00606511627906976,-0.0192,2020-11-07
Gulf,0.19933269230769232,0.0294,2020-11-07
Hamilton,0.08170416666666667,2e-4,2020-11-07
Hardee,0.03725084745762712,0.0067,2020-11-07
Hendry,0.00186930693069306,-0.0108,2020-11-07
Hernando,0.46395348837209305,0.0498,2020-11-07
Highlands,-0.00296770833333333,-0.0214,2020-11-07
Hillsborough,0.15627473684210527,0.0097,2020-11-07
Holmes,0.02131428571428571,0.0063,2020-11-07
Indian River,0.06342391304347826,-0.0103,2020-11-07
Jackson,0.08196224489795918,0.0079,2020-11-07
Jefferson,0.23382166666666668,0.0183,2020-11-07
Lafayette,0.29839607843137256,0.0068,2020-11-07
Lake,0.26850309278350515,0.0343,2020-11-07
Lee,0.00604729729729729,-0.0084,2020-11-07
Leon,0.0966808823529412,0.0222,2020-11-07
Levy,0.343190990990991,0.0352,2020-11-07
Liberty,0.14912209302325585,0.0171,2020-11-07
Madison,0.18856805555555556,0.0084,2020-11-07
Manatee,0.12736111111111112,0.0115,2020-11-07
Marion,0.32203125,0.0511,2020-11-07
Martin,0.00992452830188679,-0.0029,2020-11-07
Miami-Dade,-0.00507396449704142,-0.0153,2020-11-07
Monroe,-0.00336103896103896,-0.0122,2020-11-07
Nassau,0.6210457627118644,0.2556,2020-11-07
Okaloosa,0.05730329670329671,0.0047,2020-11-07
Okeechobee,0.00917042253521126,-0.0194,2020-11-07
Orange,0.18412,0.0438,2020-11-07
Osceola,0.1025985401459854,0.0175,2020-11-07
Palm Beach,0.00374309392265193,-0.018,2020-11-07
Pasco,0.1435202380952381,0.0141,2020-11-07
Pinellas,0.02767826086956521,-0.004,2020-11-07
Polk,0.1575293103448276,0.0054,2020-11-07
Putnam,0.3556051948051948,0.0583,2020-11-07
Santa Rosa,0.07403367346938776,0.025,2020-11-07
Sarasota,0.07276909090909091,0.0142,2020-11-07
Seminole,0.14591562500000002,0.0512,2020-11-07
St. Johns,0.5506709677419355,0.0737,2020-11-07
St. Lucie,0.00938545454545454,-0.0149,2020-11-07
Sumter,0.28374107142857147,0.0483,2020-11-07
Suwannee,0.16830434782608697,-0.0106,2020-11-07
Taylor,0.40673773584905665,0.0403,2020-11-07
Union,0.11515833333333332,-9.000000000000001e-4,2020-11-07
Volusia,0.3484161904761905,0.035,2020-11-07
Wakulla,0.16799649122807017,0.0401,2020-11-07
Walton,0.02659230769230769,0.0052,2020-11-07
Washington,0.062225,0.012,2020-11-07
NA,0.22560185185185183,0.0125,2020-11-07
Alachua,0.12402272727272728,0.0147,2020-11-08
Baker,0.15351481481481483,0.0286,2020-11-08
Bay,0.4175239436619719,0.1526,2020-11-08
Bradford,0.12983793103448277,0.0257,2020-11-08
Brevard,-0.00817684210526315,-0.0149,2020-11-08
Broward,-0.0110390243902439,-0.0166,2020-11-08
Calhoun,0.45395370370370375,0.1635,2020-11-08
Charlotte,-0.00459090909090909,-0.0171,2020-11-08
Citrus,0.06033157894736842,-0.0097,2020-11-08
Clay,0.23556,0.0656,2020-11-08
Collier,-0.00264569892473118,-0.0145,2020-11-08
Columbia,0.12755375,0.025,2020-11-08
DeSoto,-0.00901166666666666,-0.0121,2020-11-08
Dixie,0.0664,0.0095,2020-11-08
Duval,0.12381111111111112,0.0128,2020-11-08
Escambia,0.44473880597014925,0.1434,2020-11-08
Flagler,0.00666041666666666,-0.0087,2020-11-08
Franklin,0.46289636363636366,-0.06520000000000001,2020-11-08
Gadsden,0.4274235294117647,0.0985,2020-11-08
Gilchrist,0.08732285714285715,0.0181,2020-11-08
Glades,-0.00942906976744186,-0.0171,2020-11-08
Gulf,0.4338211538461539,0.0821,2020-11-08
Hamilton,0.30245833333333333,0.0698,2020-11-08
Hardee,-0.00885833333333333,-0.016,2020-11-08
Hendry,-0.005486,-0.0122,2020-11-08
Hernando,0.086532558139534893,-0.0046,2020-11-08
Highlands,-0.00717604166666666,-0.0133,2020-11-08
Hillsborough,0.02877021276595744,-0.0099,2020-11-08
Holmes,0.4504938775510205,0.1117,2020-11-08
Indian River,-0.00885227272727272,-0.0134,2020-11-08
Jackson,0.375961224489796,0.083,2020-11-08
Jefferson,0.428155,0.1462,2020-11-08
Lafayette,0.09386666666666668,0.0176,2020-11-08
Lake,0.00437578947368421,-0.0064,2020-11-08
Lee,0.00650125,-0.0163,2020-11-08
Leon,0.3577455882352941,0.0704,2020-11-08
Levy,0.0481,-0.0118,2020-11-08
Liberty,0.36466470588235295,0.0641,2020-11-08
Madison,0.38909444444444446,0.0693,2020-11-08
Manatee,-0.00214,-0.0161,2020-11-08
Marion,0.06263459119496856,-1e-4,2020-11-08
Martin,-0.00915272727272727,-0.0156,2020-11-08
Miami-Dade,-0.01026785714285714,-0.0146,2020-11-08
Monroe,-0.0059051948051948,-0.014,2020-11-08
Nassau,0.04221967213114754,-0.0133,2020-11-08
Okaloosa,0.5499197802197803,0.1761,2020-11-08
Okeechobee,-0.00871388888888888,-0.0174,2020-11-08
Orange,-0.00323023255813953,-0.0099,2020-11-08
Osceola,-0.00619357142857142,-0.0129,2020-11-08
Palm Beach,-0.00801584699453552,-0.0146,2020-11-08
Pasco,0.10095238095238096,-0.0027,2020-11-08
Pinellas,0.05629166666666667,6.000000000000001e-4,2020-11-08
Polk,-0.0076319767441860404,-0.0117,2020-11-08
Putnam,0.0927157894736842,0.0036,2020-11-08
Santa Rosa,0.5170354166666666,0.1718,2020-11-08
Sarasota,-0.00460535714285714,-0.0178,2020-11-08
Seminole,0.003690625,-0.0053,2020-11-08
St. Johns,0.04897719298245614,-0.0083,2020-11-08
St. Lucie,-0.01041428571428571,-0.0148,2020-11-08
Sumter,0.02993392857142857,-0.0033,2020-11-08
Suwannee,0.23370434782608696,0.024,2020-11-08
Taylor,0.27632523364485984,0.015,2020-11-08
Union,0.06015833333333333,0.0186,2020-11-08
Volusia,9.38095238095238e-4,-0.0139,2020-11-08
Wakulla,0.3687314814814815,0.0721,2020-11-08
Walton,0.4627771428571429,0.1589,2020-11-08
Washington,0.4049516666666667,0.1047,2020-11-08
NA,0.32198000000000004,0.0184,2020-11-08
Alachua,0.00157471264367816,-0.0206,2020-11-09
Baker,0.04399074074074074,-0.0074,2020-11-09
Bay,0.0287527027027027,-0.0023,2020-11-09
Bradford,-9.275862068965516e-4,-0.0118,2020-11-09
Brevard,0.1342436170212766,-0.0394,2020-11-09
Broward,0.39426942148760336,0.0482,2020-11-09
Calhoun,0.02640925925925926,0.0101,2020-11-09
Charlotte,0.04341333333333334,-0.0152,2020-11-09
Citrus,-0.00147719298245614,-0.0278,2020-11-09
Clay,0.00478333333333333,-0.0108,2020-11-09
Collier,0.12623736263736263,-0.0121,2020-11-09
Columbia,0.08422750000000001,0.0076,2020-11-09
DeSoto,0.08891166666666667,0.0188,2020-11-09
Dixie,0.02364558823529412,0.0038,2020-11-09
Duval,0.02728955223880597,-0.0137,2020-11-09
Escambia,0.21145454545454548,0.0237,2020-11-09
Flagler,-0.0035875,-0.0212,2020-11-09
Franklin,0.17322708333333334,0.0133,2020-11-09
Gadsden,0.1480452830188679,0.0194,2020-11-09
Gilchrist,0.03362857142857143,-0.0104,2020-11-09
Glades,0.3633317647058823,0.0518,2020-11-09
Gulf,0.14487169811320755,0.0055,2020-11-09
Hamilton,0.3285645833333333,0.0291,2020-11-09
Hardee,0.11361551724137932,0.0231,2020-11-09
Hendry,0.2882742574257426,0.0347,2020-11-09
Hernando,0.03670454545454545,-0.0103,2020-11-09
Highlands,0.15750526315789473,0.0235,2020-11-09
Hillsborough,0.07148125000000001,-0.0122,2020-11-09
Holmes,0.22560816326530617,0.0117,2020-11-09
Indian River,0.2752386363636364,0.0711,2020-11-09
Jackson,0.2357938775510204,0.0192,2020-11-09
Jefferson,0.215155,0.0231,2020-11-09
Lafayette,0.05045686274509804,2e-4,2020-11-09
Lake,0.00843958333333333,-0.0239,2020-11-09
Lee,0.03941923076923077,-0.0141,2020-11-09
Leon,0.16242463768115942,0.0044,2020-11-09
Levy,0.0015072072072072,-0.0241,2020-11-09
Liberty,0.1965094117647059,0.0172,2020-11-09
Madison,0.16716944444444445,0.0329,2020-11-09
Manatee,0.0387,-0.0051,2020-11-09
Marion,-0.00408679245283018,-0.0246,2020-11-09
Martin,0.20200943396226417,0.0177,2020-11-09
Miami-Dade,0.14684850299401198,0.0037,2020-11-09
Monroe,0.12787848101265822,-0.0517,2020-11-09
Nassau,0.12331016949152544,-0.0137,2020-11-09
Okaloosa,0.07475274725274726,0.0137,2020-11-09
Okeechobee,0.16680416666666667,0.0469,2020-11-09
Orange,0.01076206896551724,-0.0596,2020-11-09
Osceola,0.12478444444444443,-0.0011,2020-11-09
Palm Beach,0.29083701657458566,0.0181,2020-11-09
Pasco,0.03985882352941176,-0.0153,2020-11-09
Pinellas,0.060216,-0.0069,2020-11-09
Polk,0.08305087719298246,-0.0163,2020-11-09
Putnam,6.766233766233767e-4,-0.0268,2020-11-09
Santa Rosa,0.13951020408163267,0.0132,2020-11-09
Sarasota,0.00727636363636363,-0.018,2020-11-09
Seminole,-0.001284375,-0.0399,2020-11-09
St. Johns,0.02229508196721311,-0.0068,2020-11-09
St. Lucie,0.24566140350877191,0.0442,2020-11-09
Sumter,0.00151071428571428,-0.0282,2020-11-09
Suwannee,0.06533913043478261,0.0133,2020-11-09
Taylor,0.08863018867924528,0.007,2020-11-09
Union,0.00965833333333333,-0.0048,2020-11-09
Volusia,-0.00127884615384615,-0.0329,2020-11-09
Wakulla,0.07955454545454546,0.0111,2020-11-09
Walton,0.22150660377358491,0.0052,2020-11-09
Washington,0.10038666666666668,0.0031,2020-11-09
NA,0.1831890909090909,0.005,2020-11-09
Alachua,0.05071136363636364,-0.0631,2020-11-10
Baker,0.14828703703703705,-0.0133,2020-11-10
Bay,0.17105866666666666,-0.0167,2020-11-10
Bradford,-0.00472758620689655,-0.0266,2020-11-10
Brevard,0.14647916666666666,-0.0067,2020-11-10
Broward,-0.00139593495934959,-0.0247,2020-11-10
Calhoun,0.12307962962962964,-0.0275,2020-11-10
Charlotte,0.02345135135135135,-0.0256,2020-11-10
Citrus,0.11825862068965518,-0.0196,2020-11-10
Clay,0.05532333333333333,-0.0192,2020-11-10
Collier,0.1001758064516129,-0.027,2020-11-10
Columbia,0.23271625,-0.0176,2020-11-10
DeSoto,0.16466333333333336,-0.0118,2020-11-10
Dixie,0.5556542857142858,0.14750000000000002,2020-11-10
Duval,0.1756157142857143,0.0098,2020-11-10
Escambia,0.04874375,0.0053,2020-11-10
Flagler,-0.0050875,-0.0518,2020-11-10
Franklin,0.5513960784313726,0.199,2020-11-10
Gadsden,0.29458823529411765,0.0052,2020-11-10
Gilchrist,0.04358571428571429,-0.003,2020-11-10
Glades,0.20795977011494257,0.0346,2020-11-10
Gulf,0.3756188679245283,0.0391,2020-11-10
Hamilton,0.28350000000000003,-0.0141,2020-11-10
Hardee,0.4541566666666667,0.1837,2020-11-10
Hendry,0.11966534653465348,-0.0291,2020-11-10
Hernando,0.22763023255813955,0.0306,2020-11-10
Highlands,0.24097083333333336,0.0477,2020-11-10
Hillsborough,0.08970425531914894,0.0158,2020-11-10
Holmes,0.1160938775510204,0.0114,2020-11-10
Indian River,0.10003488372093024,-0.0072,2020-11-10
Jackson,0.2938113402061856,0.0243,2020-11-10
Jefferson,0.3642266666666667,-0.024,2020-11-10
Lafayette,0.48228431372549024,0.0415,2020-11-10
Lake,0.06251875,-0.0206,2020-11-10
Lee,0.12949746835443038,-0.0134,2020-11-10
Leon,0.3168347826086957,0.0548,2020-11-10
Levy,0.34962410714285713,-0.0083,2020-11-10
Liberty,0.25845058823529415,-0.0049,2020-11-10
Madison,0.32253055555555554,-0.0345,2020-11-10
Manatee,0.2599657142857143,-0.0129,2020-11-10
Marion,0.111205,-0.0195,2020-11-10
Martin,0.1643537037037037,0.0258,2020-11-10
Miami-Dade,0.02445058823529412,-0.0246,2020-11-10
Monroe,0.0999157894736842,-0.0112,2020-11-10
Nassau,0.108475,0.0141,2020-11-10
Okaloosa,0.1652141304347826,0.0149,2020-11-10
Okeechobee,0.17945972222222223,0.0375,2020-11-10
Orange,0.28861034482758624,0.0125,2020-11-10
Osceola,0.10130955882352942,0.0025,2020-11-10
Palm Beach,0.09901748633879782,0.0135,2020-11-10
Pasco,0.16591411764705882,0.0602,2020-11-10
Pinellas,0.12053181818181818,0.0172,2020-11-10
Polk,0.11375689655172416,0.0108,2020-11-10
Putnam,0.00225128205128205,-0.0199,2020-11-10
Santa Rosa,0.11521734693877551,0.0084,2020-11-10
Sarasota,0.02514727272727273,-0.0118,2020-11-10
Seminole,0.1717875,0.0131,2020-11-10
St. Johns,0.12286545454545456,-0.0265,2020-11-10
St. Lucie,0.25806545454545454,0.0511,2020-11-10
Sumter,0.10807678571428572,-0.0035,2020-11-10
Suwannee,0.31740869565217394,-0.0338,2020-11-10
Taylor,0.22036542056074768,-0.0164,2020-11-10
Union,-0.00870416666666666,-0.0229,2020-11-10
Volusia,0.05144433962264151,-0.0202,2020-11-10
Wakulla,0.4172701754385965,0.15430000000000002,2020-11-10
Walton,0.19810934579439257,0.014,2020-11-10
Washington,0.21153833333333336,0.0062,2020-11-10
NA,0.2127272727272727,-0.0062,2020-11-10
Alachua,-0.0111,-0.0151,2020-11-11
Baker,0.00896851851851852,-0.0082,2020-11-11
Bay,0.15005810810810813,-0.0104,2020-11-11
Bradford,-0.00937,-0.0121,2020-11-11
Brevard,0.05968453608247423,0.0038,2020-11-11
Broward,0.03122096774193548,-0.0155,2020-11-11
Calhoun,0.15876481481481483,0.001,2020-11-11
Charlotte,-0.00549480519480519,-0.0238,2020-11-11
Citrus,-0.01467321428571428,-0.0212,2020-11-11
Clay,-0.01117833333333333,-0.0127,2020-11-11
Collier,0.01420378378378378,-0.015,2020-11-11
Columbia,0.01831625,-0.0065,2020-11-11
DeSoto,0.01902833333333333,-0.0115,2020-11-11
Dixie,0.0014910447761194,-0.0147,2020-11-11
Duval,-0.00867042253521126,-0.0133,2020-11-11
Escambia,0.183368253968254,-6.000000000000001e-4,2020-11-11
Flagler,-0.00366458333333333,-0.0092,2020-11-11
Franklin,0.4185549019607843,0.0937,2020-11-11
Gadsden,0.2372686274509804,0.0212,2020-11-11
Gilchrist,-0.00686285714285714,-0.0172,2020-11-11
Glades,0.01068720930232558,-0.0266,2020-11-11
Gulf,0.2826660377358491,-0.0047,2020-11-11
Hamilton,0.044475,-0.0014,2020-11-11
Hardee,0.01167166666666666,-0.0144,2020-11-11
Hendry,0.00484257425742574,-0.0199,2020-11-11
Hernando,-0.0177860465116279,-0.0246,2020-11-11
Highlands,0.06604329896907217,0.0042,2020-11-11
Hillsborough,-0.01330721649484536,-0.0378,2020-11-11
Holmes,0.333430612244898,0.0693,2020-11-11
Indian River,0.22013488372093024,0.0374,2020-11-11
Jackson,0.3357234693877551,0.004,2020-11-11
Jefferson,0.037085,-0.012,2020-11-11
Lafayette,0.04185686274509804,0.0035,2020-11-11
Lake,-4.626262626262626e-4,-0.01,2020-11-11
Lee,-0.00111625,-0.019,2020-11-11
Leon,0.11943235294117648,-0.0112,2020-11-11
Levy,-0.01412612612612612,-0.0183,2020-11-11
Liberty,0.36326705882352944,0.0337,2020-11-11
Madison,0.06701111111111112,0.0085,2020-11-11
Manatee,-0.00980144927536232,-0.0199,2020-11-11
Marion,-0.0102875,-0.0145,2020-11-11
Martin,0.21093396226415095,0.0038,2020-11-11
Miami-Dade,0.01502117647058823,-0.0113,2020-11-11
Monroe,-0.01103506493506493,-0.0369,2020-11-11
Nassau,0.02271,-0.0033,2020-11-11
Okaloosa,0.15413333333333334,-0.0192,2020-11-11
Okeechobee,0.06326527777777778,0.0013,2020-11-11
Orange,0.03910454545454545,0.0023,2020-11-11
Osceola,0.05122357142857143,-4e-4,2020-11-11
Palm Beach,0.09484619565217392,-0.0055,2020-11-11
Pasco,-0.01714880952380952,-0.0337,2020-11-11
Pinellas,1.0000000000000002e-4,-0.0128,2020-11-11
Polk,0.0113051724137931,-0.0189,2020-11-11
Putnam,-0.01052727272727272,-0.0136,2020-11-11
Santa Rosa,0.15712061855670104,-0.0156,2020-11-11
Sarasota,-0.01649454545454545,-0.0245,2020-11-11
Seminole,0.03588125,0.0019,2020-11-11
St. Johns,-0.00829,-0.013,2020-11-11
St. Lucie,0.31072678571428575,0.046,2020-11-11
Sumter,-0.00690535714285714,-0.013,2020-11-11
Suwannee,0.03025507246376812,-4e-4,2020-11-11
Taylor,0.04694859813084112,-0.0053,2020-11-11
Union,-0.00560416666666666,-0.0088,2020-11-11
Volusia,0.00608018867924528,-0.0115,2020-11-11
Wakulla,0.2406589285714286,0.0331,2020-11-11
Walton,0.3211769230769231,0.0431,2020-11-11
Washington,0.31937,0.0013,2020-11-11
NA,0.11098,0.0021,2020-11-11
Alachua,0.1423314606741573,0.0012,2020-11-12
Baker,0.16656481481481483,0.0022,2020-11-12
Bay,0.6105328767123288,0.3777,2020-11-12
Bradford,0.11925862068965518,0.0067,2020-11-12
Brevard,0.151204,-0.004,2020-11-12
Broward,0.17994426229508198,-0.0103,2020-11-12
Calhoun,0.6082703703703704,0.4553,2020-11-12
Charlotte,0.4628146666666667,0.0485,2020-11-12
Citrus,0.05982758620689656,-0.0013,2020-11-12
Clay,0.03563833333333333,0.0018,2020-11-12
Collier,0.20173655913978497,0.009,2020-11-12
Columbia,0.12949625,-0.003,2020-11-12
DeSoto,0.1892,0.0067,2020-11-12
Dixie,0.07729411764705883,-0.0067,2020-11-12
Duval,0.01913285714285714,-0.0037,2020-11-12
Escambia,0.3051645161290323,0.0265,2020-11-12
Flagler,0.03343958333333333,-0.002,2020-11-12
Franklin,0.5679627450980392,0.2048,2020-11-12
Gadsden,0.26833529411764706,0.0326,2020-11-12
Gilchrist,0.21312,-0.002,2020-11-12
Glades,0.431046511627907,0.034,2020-11-12
Gulf,0.621722641509434,-0.011,2020-11-12
Hamilton,0.0648875,-0.0106,2020-11-12
Hardee,0.07590666666666666,0.0111,2020-11-12
Hendry,0.37613267326732674,0.0303,2020-11-12
Hernando,0.2030488372093023,0.0589,2020-11-12
Highlands,0.3227666666666667,0.0114,2020-11-12
Hillsborough,0.11910714285714286,0.0233,2020-11-12
Holmes,0.6784510204081633,0.4806,2020-11-12
Indian River,0.2544431818181818,0.0235,2020-11-12
Jackson,0.5788030927835052,0.34990000000000004,2020-11-12
Jefferson,0.11527333333333334,0.0168,2020-11-12
Lafayette,0.03805882352941176,-0.0114,2020-11-12
Lake,0.08723020833333334,4e-4,2020-11-12
Lee,0.25098625,0.0063,2020-11-12
Leon,0.09961304347826087,0.0109,2020-11-12
Levy,0.06358288288288289,-5e-4,2020-11-12
Liberty,0.58885,0.3718,2020-11-12
Madison,0.22783611111111113,0.0264,2020-11-12
Manatee,0.06845285714285715,0.0098,2020-11-12
Marion,0.03597577639751553,-2e-4,2020-11-12
Martin,0.2517584905660377,-0.0087,2020-11-12
Miami-Dade,0.07554000000000001,-0.0244,2020-11-12
Monroe,0.3394283950617284,-0.0399,2020-11-12
Nassau,0.03376393442622951,-0.0066,2020-11-12
Okaloosa,0.6102722222222222,0.26730000000000004,2020-11-12
Okeechobee,0.4026478873239437,0.0417,2020-11-12
Orange,0.13598068181818182,-0.0013,2020-11-12
Osceola,0.10986739130434783,-0.007,2020-11-12
Palm Beach,0.30462324324324325,0.0098,2020-11-12
Pasco,0.09395119047619048,0.0133,2020-11-12
Pinellas,0.144312,-0.0994,2020-11-12
Polk,0.10789540229885058,0.0061,2020-11-12
Putnam,0.02492894736842105,-0.0022,2020-11-12
Santa Rosa,0.49117010309278353,0.0496,2020-11-12
Sarasota,0.04743965517241379,-0.0117,2020-11-12
Seminole,0.2122030303030303,0.015,2020-11-12
St. Johns,0.05596206896551724,0.0037,2020-11-12
St. Lucie,0.26511250000000003,0.0509,2020-11-12
Sumter,0.09437321428571428,0.004,2020-11-12
Suwannee,0.01626666666666667,-0.0138,2020-11-12
Taylor,0.0759018691588785,0.0037,2020-11-12
Union,0.29723750000000004,0.0065,2020-11-12
Volusia,0.10181057692307692,-5e-4,2020-11-12
Wakulla,0.2722196428571429,0.0635,2020-11-12
Walton,0.6712485714285714,0.4495,2020-11-12
Washington,0.6655566666666667,0.507,2020-11-12
NA,0.21270178571428572,-3.0000000000000003e-4,2020-11-12
Alachua,0.01825454545454545,0.0014,2020-11-13
Baker,0.12559814814814815,0.0052,2020-11-13
Bay,0.59675,0.313,2020-11-13
Bradford,0.04307931034482758,0.0067,2020-11-13
Brevard,0.452884375,0.0448,2020-11-13
Broward,0.4081528455284553,0.0195,2020-11-13
Calhoun,0.6194111111111111,0.4347,2020-11-13
Charlotte,0.16436962025316457,0.0399,2020-11-13
Citrus,0.23980535714285717,0.0058,2020-11-13
Clay,0.05020508474576271,0.0066,2020-11-13
Collier,0.4208805405405406,0.0913,2020-11-13
Columbia,0.4280675000000001,0.0224,2020-11-13
DeSoto,0.2969216666666667,0.1094,2020-11-13
Dixie,0.21050882352941175,0.0153,2020-11-13
Duval,0.18411857142857144,0.0071,2020-11-13
Escambia,0.643525,0.3743,2020-11-13
Flagler,0.3898979166666667,0.0569,2020-11-13
Franklin,0.698438,0.3753,2020-11-13
Gadsden,0.7207941176470589,0.6418,2020-11-13
Gilchrist,0.04445142857142857,0.0154,2020-11-13
Glades,0.2763651162790698,0.0818,2020-11-13
Gulf,0.6373301886792453,0.5304,2020-11-13
Hamilton,0.6826125000000001,0.4927,2020-11-13
Hardee,0.3976166666666667,0.1307,2020-11-13
Hendry,0.3870762376237624,0.113,2020-11-13
Hernando,0.3806744186046512,0.0035,2020-11-13
Highlands,0.2008031914893617,0.0174,2020-11-13
Hillsborough,0.30808602150537634,0.1114,2020-11-13
Holmes,0.6878204081632653,0.6177,2020-11-13
Indian River,0.3880555555555556,0.0272,2020-11-13
Jackson,0.6119602040816327,0.3695,2020-11-13
Jefferson,0.733955,0.6419,2020-11-13
Lafayette,0.5486725490196078,0.0775,2020-11-13
Lake,0.02778453608247422,-7e-4,2020-11-13
Lee,0.2729628205128205,0.0675,2020-11-13
Leon,0.7066911764705883,0.556,2020-11-13
Levy,0.02662252252252252,0.0082,2020-11-13
Liberty,0.7219,0.437,2020-11-13
Madison,0.7063013888888889,0.4885000000000001,2020-11-13
Manatee,0.2727943661971831,0.0958,2020-11-13
Marion,0.01319496855345912,0.0024,2020-11-13
Martin,0.35379107142857147,0.0933,2020-11-13
Miami-Dade,0.3587325443786982,0.0218,2020-11-13
Monroe,0.44357368421052634,-0.07250000000000001,2020-11-13
Nassau,0.21337,0.0142,2020-11-13
Okaloosa,0.6676483516483517,0.4280000000000001,2020-11-13
Okeechobee,0.3809901408450704,0.0935,2020-11-13
Orange,0.17603522727272727,0.003,2020-11-13
Osceola,0.3685108695652174,0.07730000000000001,2020-11-13
Palm Beach,0.4143672131147541,0.0858,2020-11-13
Pasco,0.3645481927710843,0.0052,2020-11-13
Pinellas,0.35947083333333335,0.08220000000000001,2020-11-13
Polk,0.27860867052023125,0.0395,2020-11-13
Putnam,0.05062337662337662,0.0094,2020-11-13
Santa Rosa,0.6494380000000001,0.2884,2020-11-13
Sarasota,0.24070181818181816,0.079,2020-11-13
Seminole,0.18557878787878787,0.0064,2020-11-13
St. Johns,0.22724833333333336,0.0368,2020-11-13
St. Lucie,0.42875178571428574,0.15310000000000001,2020-11-13
Sumter,0.01572321428571428,0.0013,2020-11-13
Suwannee,0.6199173913043479,0.2019,2020-11-13
Taylor,0.6797271028037384,0.2409,2020-11-13
Union,0.01334583333333333,0.0088,2020-11-13
Volusia,0.3509798076923077,0.08270000000000001,2020-11-13
Wakulla,0.7382859649122807,0.4472,2020-11-13
Walton,0.6706698113207548,0.3983,2020-11-13
Washington,0.6677966666666667,0.4847,2020-11-13
NA,0.5301125,0.0179,2020-11-13
Alachua,0.6373897727272727,0.3527,2020-11-14
Baker,0.7128092592592593,0.6056,2020-11-14
Bay,0.5466905405405406,0.06810000000000001,2020-11-14
Bradford,0.6325448275862069,0.4687,2020-11-14
Brevard,0.24137052631578948,0.0124,2020-11-14
Broward,0.03251885245901639,-0.0177,2020-11-14
Calhoun,0.5800074074074074,0.3944,2020-11-14
Charlotte,0.25251733333333337,0.0475,2020-11-14
Citrus,0.5183666666666666,0.2223,2020-11-14
Clay,0.5752550000000001,0.2849,2020-11-14
Collier,0.2130956756756757,-0.0051,2020-11-14
Columbia,0.69961125,0.6089,2020-11-14
DeSoto,0.32402000000000003,0.1113,2020-11-14
Dixie,0.6679426470588236,0.4204,2020-11-14
Duval,0.586231884057971,0.3622,2020-11-14
Escambia,0.6398765625,0.2483,2020-11-14
Flagler,0.08405918367346939,0.0041,2020-11-14
Franklin,0.6356775510204082,0.1168,2020-11-14
Gadsden,0.6938725490196079,0.6055,2020-11-14
Gilchrist,0.6341857142857144,0.5233,2020-11-14
Glades,0.5027882352941176,0.1011,2020-11-14
Gulf,0.5802634615384615,0.1911,2020-11-14
Hamilton,0.6452872340425532,0.4609,2020-11-14
Hardee,0.44835833333333336,0.1363,2020-11-14
Hendry,0.2594118811881188,0.03,2020-11-14
Hernando,0.38060930232558143,0.0254,2020-11-14
Highlands,0.35312680412371134,0.0948,2020-11-14
Hillsborough,0.4204085106382978,0.1646,2020-11-14
Holmes,0.6583551020408164,0.5697,2020-11-14
Indian River,0.40201333333333333,0.0617,2020-11-14
Jackson,0.5809113402061856,0.4391000000000001,2020-11-14
Jefferson,0.6982683333333334,0.5462,2020-11-14
Lafayette,0.686807843137255,0.5646,2020-11-14
Lake,0.4137852631578948,0.0692,2020-11-14
Lee,0.28257375,0.0325,2020-11-14
Leon,0.6853205882352942,0.5596,2020-11-14
Levy,0.6523846846846847,0.0484,2020-11-14
Liberty,0.6873,0.4061,2020-11-14
Madison,0.6671958333333333,0.4497,2020-11-14
Manatee,0.45009857142857146,0.1042,2020-11-14
Marion,0.41605408805031446,0.07740000000000001,2020-11-14
Martin,0.23444259259259265,0.0089,2020-11-14
Miami-Dade,0.2680454545454546,0.0026,2020-11-14
Monroe,0.17372307692307692,0.0025,2020-11-14
Nassau,0.6782322033898306,0.27190000000000003,2020-11-14
Okaloosa,0.6185032608695652,0.3413,2020-11-14
Okeechobee,0.3520267605633803,0.0602,2020-11-14
Orange,0.39238275862068966,0.0489,2020-11-14
Osceola,0.38926861313868616,0.109,2020-11-14
Palm Beach,0.3292302197802198,0.0093,2020-11-14
Pasco,0.4355917647058824,0.0905,2020-11-14
Pinellas,0.47033636363636366,0.2027,2020-11-14
Polk,0.4839416666666667,0.1865,2020-11-14
Putnam,0.30114864864864865,0.0659,2020-11-14
Santa Rosa,0.6120214285714286,0.0641,2020-11-14
Sarasota,0.31060535714285714,0.0205,2020-11-14
Seminole,0.4981941176470589,0.06470000000000001,2020-11-14
St. Johns,0.30902241379310347,0.0385,2020-11-14
St. Lucie,0.4153232142857143,0.1279,2020-11-14
Sumter,0.3542160714285714,0.1359,2020-11-14
Suwannee,0.6491782608695652,0.487,2020-11-14
Taylor,0.6788897196261683,0.5116,2020-11-14
Union,0.7163458333333333,0.6064,2020-11-14
Volusia,0.17441495327102804,0.0222,2020-11-14
Wakulla,0.7081482142857143,0.4293,2020-11-14
Walton,0.6188101851851853,0.0703,2020-11-14
Washington,0.6295683333333334,0.423,2020-11-14
NA,0.6794072727272727,0.5094000000000001,2020-11-14
Alachua,0.25367078651685393,0.0318,2020-11-15
Baker,0.3231703703703704,0.0748,2020-11-15
Bay,0.46496621621621625,0.17400000000000002,2020-11-15
Bradford,0.3518233333333334,0.0816,2020-11-15
Brevard,0.4267052631578947,-0.0134,2020-11-15
Broward,0.3977508196721312,0.0471,2020-11-15
Calhoun,0.43835,0.1269,2020-11-15
Charlotte,0.3598171052631579,0.0107,2020-11-15
Citrus,0.33475789473684214,-0.0056,2020-11-15
Clay,0.4015932203389831,0.0951,2020-11-15
Collier,0.34234270270270273,0.0415,2020-11-15
Columbia,0.26514,-0.007,2020-11-15
DeSoto,0.4748216666666667,0.0571,2020-11-15
Dixie,0.4106298507462687,0.0932,2020-11-15
Duval,0.3334098591549296,0.0716,2020-11-15
Escambia,0.2303818181818182,0.0184,2020-11-15
Flagler,0.224465306122449,0.0089,2020-11-15
Franklin,0.435016,0.0907,2020-11-15
Gadsden,0.4086921568627451,0.1371,2020-11-15
Gilchrist,0.35415428571428575,0.125,2020-11-15
Glades,0.4627825581395349,0.0236,2020-11-15
Gulf,0.485811320754717,0.1651,2020-11-15
Hamilton,0.3051255319148936,0.0171,2020-11-15
Hardee,0.3039016666666667,0.0225,2020-11-15
Hendry,0.5121871287128713,0.0455,2020-11-15
Hernando,0.2557883720930233,0.0054,2020-11-15
Highlands,0.35378453608247423,0.0285,2020-11-15
Hillsborough,0.3301368421052632,0.017,2020-11-15
Holmes,0.3629122448979592,0.0553,2020-11-15
Indian River,0.21804186046511628,0.0041,2020-11-15
Jackson,0.46485,0.1623,2020-11-15
Jefferson,0.32984,0.1044,2020-11-15
Lafayette,0.2395764705882353,0.08370000000000001,2020-11-15
Lake,0.32669473684210526,-0.0049,2020-11-15
Lee,0.412444,0.0531,2020-11-15
Leon,0.4478794117647059,0.0957,2020-11-15
Levy,0.4698008928571429,0.0544,2020-11-15
Liberty,0.4722604651162791,0.1779,2020-11-15
Madison,0.3873277777777778,0.0777,2020-11-15
Manatee,0.37948714285714286,0.0455,2020-11-15
Marion,0.36667610062893086,-0.0024,2020-11-15
Martin,0.12530909090909093,0.0085,2020-11-15
Miami-Dade,0.39559702380952383,0.0547,2020-11-15
Monroe,0.44044415584415586,-0.0624,2020-11-15
Nassau,0.3855534482758621,0.0534,2020-11-15
Okaloosa,0.2823163043478261,0.0383,2020-11-15
Okeechobee,0.35351267605633807,0.0029,2020-11-15
Orange,0.28557816091954025,0.0053,2020-11-15
Osceola,0.34712720588235296,0.0513,2020-11-15
Palm Beach,0.4241491712707183,0.0357,2020-11-15
Pasco,0.25685238095238094,0.0237,2020-11-15
Pinellas,0.34117083333333337,0.08460000000000001,2020-11-15
Polk,0.2770822857142857,-0.0073,2020-11-15
Putnam,0.4621428571428572,0.0145,2020-11-15
Santa Rosa,0.2098,0.0277,2020-11-15
Sarasota,0.52078,0.0532,2020-11-15
Seminole,0.37593225806451613,0.0679,2020-11-15
St. Johns,0.321006779661017,0.0396,2020-11-15
St. Lucie,0.06744,-0.0143,2020-11-15
Sumter,0.20675178571428576,0.0335,2020-11-15
Suwannee,0.275568115942029,0.0178,2020-11-15
Taylor,0.34763457943925236,0.0121,2020-11-15
Union,0.4306166666666667,0.0708,2020-11-15
Volusia,0.37201415094339624,-0.0625,2020-11-15
Wakulla,0.3888928571428571,0.07680000000000001,2020-11-15
Walton,0.3809457142857143,0.0472,2020-11-15
Washington,0.448425,0.1842,2020-11-15
NA,0.36167678571428574,0.0118,2020-11-15
Alachua,0.7035602272727273,0.5746,2020-11-16
Baker,0.7244333333333334,0.6069,2020-11-16
Bay,0.6008315068493151,0.3145,2020-11-16
Bradford,0.7162166666666667,0.6487,2020-11-16
Brevard,0.435268,0.054,2020-11-16
Broward,0.4355758064516129,0.0225,2020-11-16
Calhoun,0.6209,0.4341,2020-11-16
Charlotte,0.35807866666666666,0.0771,2020-11-16
Citrus,0.3389793103448276,0.0243,2020-11-16
Clay,0.6777032786885246,0.5317000000000001,2020-11-16
Collier,0.3567732620320856,0.0212,2020-11-16
Columbia,0.7099825000000001,0.6186,2020-11-16
DeSoto,0.5525300000000001,0.1972,2020-11-16
Dixie,0.6906367647058824,0.3751,2020-11-16
Duval,0.6118614285714286,0.368,2020-11-16
Escambia,0.6597317460317461,0.4214,2020-11-16
Flagler,0.6999551020408163,0.3835,2020-11-16
Franklin,0.7080120000000001,0.4032,2020-11-16
Gadsden,0.7174568627450981,0.6148,2020-11-16
Gilchrist,0.6440714285714286,0.5199,2020-11-16
Glades,0.3041069767441861,0.0031,2020-11-16
Gulf,0.6411641509433963,0.5042,2020-11-16
Hamilton,0.6567395833333334,0.4295,2020-11-16
Hardee,0.4086949152542373,0.1378,2020-11-16
Hendry,0.48612970297029706,0.0571,2020-11-16
Hernando,0.15967441860465115,0.0128,2020-11-16
Highlands,0.3960989795918368,0.0303,2020-11-16
Hillsborough,0.5018094736842106,0.2528,2020-11-16
Holmes,0.6879673469387756,0.626,2020-11-16
Indian River,0.3472318181818182,0.1004,2020-11-16
Jackson,0.6086479591836735,0.449,2020-11-16
Jefferson,0.7268450000000001,0.6419,2020-11-16
Lafayette,0.6968470588235295,0.5668000000000001,2020-11-16
Lake,0.35029895833333335,0.0261,2020-11-16
Lee,0.3179179487179487,0.0452,2020-11-16
Leon,0.7076161764705883,0.5728,2020-11-16
Levy,0.6722963963963964,0.2487,2020-11-16
Liberty,0.7190658823529412,0.4322,2020-11-16
Madison,0.6918986111111112,0.4939,2020-11-16
Manatee,0.49085652173913047,0.2348,2020-11-16
Marion,0.694296875,0.5311,2020-11-16
Martin,0.46732222222222225,0.0155,2020-11-16
Miami-Dade,0.3062479289940829,-0.0365,2020-11-16
Monroe,0.36540125,0.0065,2020-11-16
Nassau,0.7018683333333333,0.2641,2020-11-16
Okaloosa,0.6763097826086957,0.3728,2020-11-16
Okeechobee,0.2156774647887324,0.0014,2020-11-16
Orange,0.3809724137931035,0.046,2020-11-16
Osceola,0.254381884057971,0.0123,2020-11-16
Palm Beach,0.3643524861878453,0.0081,2020-11-16
Pasco,0.4090258823529412,0.0217,2020-11-16
Pinellas,0.48130833333333334,0.3285,2020-11-16
Polk,0.4575668604651163,0.0515,2020-11-16
Putnam,0.7030948717948718,0.5774,2020-11-16
Santa Rosa,0.6730895833333334,0.4283,2020-11-16
Sarasota,0.5061642857142857,0.2316,2020-11-16
Seminole,0.31095,0.06570000000000001,2020-11-16
St. Johns,0.6623728813559322,0.3284,2020-11-16
St. Lucie,0.23571636363636364,0.0159,2020-11-16
Sumter,0.2366125,0.014,2020-11-16
Suwannee,0.6613579710144928,0.5152,2020-11-16
Taylor,0.713181308411215,0.5018,2020-11-16
Union,0.7285208333333334,0.6745,2020-11-16
Volusia,0.6408943396226415,0.1247,2020-11-16
Wakulla,0.7307087719298246,0.33490000000000003,2020-11-16
Walton,0.6832942857142857,0.4449,2020-11-16
Washington,0.6712116666666667,0.4985,2020-11-16
NA,0.6907763636363636,0.4113,2020-11-16
Alachua,0.706076404494382,0.5653,2020-11-17
Baker,0.7453222222222222,0.6231,2020-11-17
Bay,0.5964135135135136,0.2092,2020-11-17
Bradford,0.72455,0.6599,2020-11-17
Brevard,0.6378683673469387,0.2841,2020-11-17
Broward,0.29981129032258064,0.0387,2020-11-17
Calhoun,0.6206185185185186,0.4461,2020-11-17
Charlotte,0.6536460526315789,0.4177,2020-11-17
Citrus,0.6645526315789474,0.5723,2020-11-17
Clay,0.6864813559322034,0.5383,2020-11-17
Collier,0.5031713513513514,0.06860000000000001,2020-11-17
Columbia,0.71994125,0.6278,2020-11-17
DeSoto,0.7006600000000001,0.5576,2020-11-17
Dixie,0.6960808823529412,0.3211,2020-11-17
Duval,0.6296695652173914,0.3812,2020-11-17
Escambia,0.6476307692307692,0.3765,2020-11-17
Flagler,0.7092437500000001,0.37,2020-11-17
Franklin,0.70018,0.332,2020-11-17
Gadsden,0.7185137254901961,0.6258,2020-11-17
Gilchrist,0.6447914285714286,0.5258,2020-11-17
Glades,0.6420776470588235,0.3257,2020-11-17
Gulf,0.6425245283018868,0.5108,2020-11-17
Hamilton,0.6574958333333334,0.4401000000000001,2020-11-17
Hardee,0.6952016666666667,0.4419,2020-11-17
Hendry,0.6556257425742574,0.4584,2020-11-17
Hernando,0.6537023255813954,0.08660000000000001,2020-11-17
Highlands,0.6653631578947369,0.4984,2020-11-17
Hillsborough,0.6083500000000001,0.27290000000000003,2020-11-17
Holmes,0.6870224489795919,0.6203000000000001,2020-11-17
Indian River,0.5493727272727273,0.2771,2020-11-17
Jackson,0.6103091836734694,0.3865,2020-11-17
Jefferson,0.7259783333333334,0.6442,2020-11-17
Lafayette,0.7069156862745098,0.5699000000000001,2020-11-17
Lake,0.6681916666666667,0.5038,2020-11-17
Lee,0.5930144736842106,0.35710000000000003,2020-11-17
Leon,0.7063955882352941,0.5720000000000001,2020-11-17
Levy,0.6720486486486487,0.34450000000000003,2020-11-17
Liberty,0.7202682352941177,0.4097,2020-11-17
Madison,0.6931583333333333,0.476,2020-11-17
Manatee,0.6199901408450704,0.3312,2020-11-17
Marion,0.6982149068322981,0.5326000000000001,2020-11-17
Martin,0.47230925925925926,0.1981,2020-11-17
Miami-Dade,0.15423216374269005,-0.0031,2020-11-17
Monroe,0.36204545454545456,-8e-4,2020-11-17
Nassau,0.7185033333333334,0.3007,2020-11-17
Okaloosa,0.6771164835164836,0.4292,2020-11-17
Okeechobee,0.6130859154929578,0.30920000000000003,2020-11-17
Orange,0.6141568181818182,0.3794,2020-11-17
Osceola,0.6800309352517986,0.4889,2020-11-17
Palm Beach,0.4118207650273224,0.0934,2020-11-17
Pasco,0.6477084337349398,0.4487,2020-11-17
Pinellas,0.49022,0.2727,2020-11-17
Polk,0.659382183908046,0.4894,2020-11-17
Putnam,0.7113759493670886,0.5716,2020-11-17
Santa Rosa,0.6656785714285715,0.4079,2020-11-17
Sarasota,0.6464857142857143,0.2343,2020-11-17
Seminole,0.6543515151515152,0.5204,2020-11-17
St. Johns,0.66961,0.3747,2020-11-17
St. Lucie,0.5338821428571429,0.21560000000000001,2020-11-17
Sumter,0.6730071428571429,0.4729,2020-11-17
Suwannee,0.665831884057971,0.4917,2020-11-17
Taylor,0.720492523364486,0.4676,2020-11-17
Union,0.7435458333333334,0.6897,2020-11-17
Volusia,0.7058201923076923,0.5197,2020-11-17
Wakulla,0.7274263157894737,0.30760000000000004,2020-11-17
Walton,0.6788428571428572,0.435,2020-11-17
Washington,0.6703683333333333,0.4777,2020-11-17
NA,0.6989872727272728,0.5549000000000001,2020-11-17
Alachua,0.6777738636363637,0.5002,2020-11-18
Baker,0.7431407407407408,0.5978,2020-11-18
Bay,0.5936150684931507,0.331,2020-11-18
Bradford,0.7072666666666667,0.6051000000000001,2020-11-18
Brevard,0.29429795918367346,0.053900000000000003,2020-11-18
Broward,0.28971219512195123,0.0353,2020-11-18
Calhoun,0.6168444444444445,0.4103,2020-11-18
Charlotte,0.4895105263157895,0.2091,2020-11-18
Citrus,0.5798800000000001,0.3342,2020-11-18
Clay,0.6147050847457628,0.3843,2020-11-18
Collier,0.40422903225806456,0.0573,2020-11-18
Columbia,0.7187225,0.6174000000000001,2020-11-18
DeSoto,0.5155216666666667,0.254,2020-11-18
Dixie,0.6732257142857143,0.1972,2020-11-18
Duval,0.6015842857142858,0.2832,2020-11-18
Escambia,0.6436615384615385,0.3893,2020-11-18
Flagler,0.3254166666666667,0.0695,2020-11-18
Franklin,0.6881,0.1469,2020-11-18
Gadsden,0.7165568627450981,0.619,2020-11-18
Gilchrist,0.6431314285714286,0.5271,2020-11-18
Glades,0.45315116279069767,0.0618,2020-11-18
Gulf,0.6365769230769232,0.5269,2020-11-18
Hamilton,0.6581250000000001,0.4482,2020-11-18
Hardee,0.48603620689655175,0.1499,2020-11-18
Hendry,0.4830693069306931,0.0723,2020-11-18
Hernando,0.5025261904761905,0.1093,2020-11-18
Highlands,0.3698948979591837,0.0575,2020-11-18
Hillsborough,0.5627723404255319,0.3569,2020-11-18
Holmes,0.6818489795918368,0.6096,2020-11-18
Indian River,0.2429826086956522,0.0664,2020-11-18
Jackson,0.6055132653061225,0.4052,2020-11-18
Jefferson,0.7255083333333333,0.6307,2020-11-18
Lafayette,0.7034607843137255,0.5591,2020-11-18
Lake,0.36326428571428576,0.06330000000000001,2020-11-18
Lee,0.3800567567567568,0.1384,2020-11-18
Leon,0.7024029411764706,0.5589000000000001,2020-11-18
Levy,0.6569090090090091,0.3375,2020-11-18
Liberty,0.7215552941176471,0.4168,2020-11-18
Madison,0.6925041666666667,0.478,2020-11-18
Manatee,0.5679471428571429,0.3507,2020-11-18
Marion,0.5403817610062893,0.1248,2020-11-18
Martin,0.20741886792452832,0.0422,2020-11-18
Miami-Dade,0.20881637426900584,0.0214,2020-11-18
Monroe,0.3241746835443038,-0.0456,2020-11-18
Nassau,0.7135661016949153,0.07640000000000001,2020-11-18
Okaloosa,0.664129347826087,0.3603,2020-11-18
Okeechobee,0.3233507042253521,0.0409,2020-11-18
Orange,0.2909102272727273,0.093,2020-11-18
Osceola,0.3181934782608696,0.0721,2020-11-18
Palm Beach,0.362210989010989,0.0383,2020-11-18
Pasco,0.48232857142857144,0.1553,2020-11-18
Pinellas,0.5191608695652175,0.3909,2020-11-18
Polk,0.4207896551724138,0.0622,2020-11-18
Putnam,0.4620693333333334,0.1316,2020-11-18
Santa Rosa,0.6559272727272728,0.272,2020-11-18
Sarasota,0.5677607142857143,0.1847,2020-11-18
Seminole,0.31643939393939396,0.1374,2020-11-18
St. Johns,0.4418169491525424,0.0968,2020-11-18
St. Lucie,0.20624,0.0671,2020-11-18
Sumter,0.4383625,0.14020000000000002,2020-11-18
Suwannee,0.6677173913043478,0.5001,2020-11-18
Taylor,0.7161878504672897,0.4919,2020-11-18
Union,0.7391541666666667,0.668,2020-11-18
Volusia,0.29597047619047623,0.0357,2020-11-18
Wakulla,0.7292052631578948,0.34190000000000004,2020-11-18
Walton,0.6692876190476191,0.4305,2020-11-18
Washington,0.66579,0.5194,2020-11-18
NA,0.699456603773585,0.5317000000000001,2020-11-18
Alachua,0.18756206896551725,0.0348,2020-11-19
Baker,0.40784444444444445,0.0582,2020-11-19
Bay,0.5531767123287672,0.1567,2020-11-19
Bradford,0.61217,0.1471,2020-11-19
Brevard,0.23602121212121213,-0.0028,2020-11-19
Broward,0.22715737704918035,0.0127,2020-11-19
Calhoun,0.582288888888889,0.3915,2020-11-19
Charlotte,0.36416133333333334,0.0156,2020-11-19
Citrus,0.48767543859649126,0.0262,2020-11-19
Clay,0.3416796610169492,0.0268,2020-11-19
Collier,0.306665945945946,0.0432,2020-11-19
Columbia,0.605085,0.1857,2020-11-19
DeSoto,0.186025,0.0183,2020-11-19
Dixie,0.4842215384615385,0.08370000000000001,2020-11-19
Duval,0.1324742857142857,0.0054,2020-11-19
Escambia,0.6178666666666667,0.4071,2020-11-19
Flagler,0.12061063829787234,-0.004,2020-11-19
Franklin,0.6264833333333334,0.0469,2020-11-19
Gadsden,0.6928254901960784,0.5840000000000001,2020-11-19
Gilchrist,0.22299428571428573,0.1144,2020-11-19
Glades,0.24764235294117648,0.0431,2020-11-19
Gulf,0.5855981481481481,0.0656,2020-11-19
Hamilton,0.6553083333333334,0.4725,2020-11-19
Hardee,0.395875,0.0174,2020-11-19
Hendry,0.21762871287128713,0.0104,2020-11-19
Hernando,0.33260697674418604,0.0488,2020-11-19
Highlands,0.16680208333333335,0.0584,2020-11-19
Hillsborough,0.14003936170212766,0.012,2020-11-19
Holmes,0.6580775510204082,0.5758,2020-11-19
Indian River,0.33781818181818185,0.0713,2020-11-19
Jackson,0.5836846938775511,0.4107,2020-11-19
Jefferson,0.7045433333333334,0.6046,2020-11-19
Lafayette,0.671343137254902,0.2163,2020-11-19
Lake,0.25512736842105266,0.0164,2020-11-19
Lee,0.186336,0.0115,2020-11-19
Leon,0.6790294117647059,0.5487000000000001,2020-11-19
Levy,0.4143276785714286,0.0502,2020-11-19
Liberty,0.7013870588235295,0.418,2020-11-19
Madison,0.6772708333333334,0.4633000000000001,2020-11-19
Manatee,0.22439285714285712,0.0189,2020-11-19
Marion,0.24385660377358492,0.0146,2020-11-19
Martin,0.15743962264150943,0.0101,2020-11-19
Miami-Dade,0.3257404761904762,0.0491,2020-11-19
Monroe,0.4346679487179487,-0.0713,2020-11-19
Nassau,0.3113932203389831,0.0411,2020-11-19
Okaloosa,0.6347835164835165,0.34090000000000004,2020-11-19
Okeechobee,0.23474647887323943,0.0297,2020-11-19
Orange,0.26586117647058827,0.0391,2020-11-19
Osceola,0.3135925925925926,0.0404,2020-11-19
Palm Beach,0.1131254143646409,0.0172,2020-11-19
Pasco,0.13629518072289157,0.01,2020-11-19
Pinellas,0.2509,0.0101,2020-11-19
Polk,0.20619075144508672,0.0256,2020-11-19
Putnam,0.077396,0.009,2020-11-19
Santa Rosa,0.6260824742268042,0.4175,2020-11-19
Sarasota,0.39873636363636367,0.0248,2020-11-19
Seminole,0.19702121212121212,0.0388,2020-11-19
St. Johns,0.11808983050847456,-0.0037,2020-11-19
St. Lucie,0.4017018181818182,0.1094,2020-11-19
Sumter,0.15237678571428573,0.0132,2020-11-19
Suwannee,0.6558130434782609,0.4920000000000001,2020-11-19
Taylor,0.6940660377358491,0.4796,2020-11-19
Union,0.33255,0.0944,2020-11-19
Volusia,0.13040761904761905,0.0119,2020-11-19
Wakulla,0.7063464285714286,0.3582,2020-11-19
Walton,0.6416663461538462,0.3726,2020-11-19
Washington,0.636155,0.4417,2020-11-19
NA,0.55354,0.031,2020-11-19
Alachua,0.2672134831460674,0.0201,2020-11-20
Baker,0.16998703703703705,0.0107,2020-11-20
Bay,0.2229774647887324,0.0748,2020-11-20
Bradford,0.3965266666666667,0.0461,2020-11-20
Brevard,0.27425,0.0076,2020-11-20
Broward,0.2683901639344262,0.0031,2020-11-20
Calhoun,0.2924925925925926,0.1058,2020-11-20
Charlotte,0.26825657894736843,0.0271,2020-11-20
Citrus,0.42443928571428574,0.0967,2020-11-20
Clay,0.23801,0.0244,2020-11-20
Collier,0.40255108695652175,0.0259,2020-11-20
Columbia,0.294715,0.0418,2020-11-20
DeSoto,0.4077166666666666,0.06570000000000001,2020-11-20
Dixie,0.14264328358208955,0.0051,2020-11-20
Duval,0.24567,0.0243,2020-11-20
Escambia,0.47275,0.1135,2020-11-20
Flagler,0.3643041666666667,0.0913,2020-11-20
Franklin,0.4986921568627451,0.1582,2020-11-20
Gadsden,0.34444901960784313,0.078,2020-11-20
Gilchrist,0.10034571428571427,0.0106,2020-11-20
Glades,0.3255609195402299,0.0191,2020-11-20
Gulf,0.33797169811320754,0.1238,2020-11-20
Hamilton,0.20285,0.0575,2020-11-20
Hardee,0.37523,0.1016,2020-11-20
Hendry,0.2153554455445545,0.0201,2020-11-20
Hernando,0.437746511627907,0.1095,2020-11-20
Highlands,0.4149885416666667,0.0277,2020-11-20
Hillsborough,0.44211894736842106,0.0675,2020-11-20
Holmes,0.4156877551020408,0.1059,2020-11-20
Indian River,0.4814955555555556,0.0345,2020-11-20
Jackson,0.2834711340206186,0.0518,2020-11-20
Jefferson,0.3849966666666667,0.0437,2020-11-20
Lafayette,0.14219411764705883,0.0051,2020-11-20
Lake,0.30626526315789476,0.024,2020-11-20
Lee,0.3065364864864865,0.0341,2020-11-20
Leon,0.22197058823529411,0.0397,2020-11-20
Levy,0.32582300884955756,0.0276,2020-11-20
Liberty,0.3716976470588235,0.0978,2020-11-20
Madison,0.3848625,0.0799,2020-11-20
Manatee,0.4637985294117647,0.1749,2020-11-20
Marion,0.32848385093167703,0.0283,2020-11-20
Martin,0.26562407407407407,0.0152,2020-11-20
Miami-Dade,0.30802155688622757,0.0408,2020-11-20
Monroe,0.31413815789473687,0.0245,2020-11-20
Nassau,0.32330166666666665,0.0302,2020-11-20
Okaloosa,0.3882630434782609,0.1368,2020-11-20
Okeechobee,0.3996816901408451,0.0251,2020-11-20
Orange,0.36438977272727274,0.0789,2020-11-20
Osceola,0.3654881481481482,0.0604,2020-11-20
Palm Beach,0.2709306010928962,6.000000000000001e-4,2020-11-20
Pasco,0.40964819277108433,0.0932,2020-11-20
Pinellas,0.45094,0.1159,2020-11-20
Polk,0.4028982142857143,0.0611,2020-11-20
Putnam,0.31364743589743593,0.0297,2020-11-20
Santa Rosa,0.271340625,0.0534,2020-11-20
Sarasota,0.4491785714285714,0.06860000000000001,2020-11-20
Seminole,0.1439516129032258,0.0611,2020-11-20
St. Johns,0.2996758064516129,0.0383,2020-11-20
St. Lucie,0.3648410714285715,0.0455,2020-11-20
Sumter,0.31679464285714287,0.0108,2020-11-20
Suwannee,0.2872927536231884,0.0145,2020-11-20
Taylor,0.3293233644859813,0.0257,2020-11-20
Union,0.2058833333333333,0.0326,2020-11-20
Volusia,0.2413556603773585,0.011,2020-11-20
Wakulla,0.21415535714285716,0.0299,2020-11-20
Walton,0.34709345794392527,0.0371,2020-11-20
Washington,0.27625333333333335,0.0602,2020-11-20
NA,0.355225,0.0201,2020-11-20
Alachua,0.4823795454545455,0.0507,2020-11-21
Baker,0.2446740740740741,0.0208,2020-11-21
Bay,0.4544702702702703,0.0601,2020-11-21
Bradford,0.37046333333333337,0.0631,2020-11-21
Brevard,0.01701979166666666,-0.0053,2020-11-21
Broward,0.30648951612903225,0.0355,2020-11-21
Calhoun,0.399275925925926,0.0877,2020-11-21
Charlotte,0.3733306666666667,0.08310000000000001,2020-11-21
Citrus,0.2645438596491228,0.0092,2020-11-21
Clay,0.490335593220339,0.1793,2020-11-21
Collier,0.37385080213903743,0.0472,2020-11-21
Columbia,0.119755,0.0042,2020-11-21
DeSoto,0.14148333333333335,0.0197,2020-11-21
Dixie,0.3023602941176471,0.0111,2020-11-21
Duval,0.4617112676056338,0.0496,2020-11-21
Escambia,0.29649375,0.08020000000000001,2020-11-21
Flagler,0.5107,0.1171,2020-11-21
Franklin,0.15073673469387755,0.0196,2020-11-21
Gadsden,0.23322941176470588,0.0161,2020-11-21
Gilchrist,0.31954,0.0171,2020-11-21
Glades,0.24068705882352945,0.0065,2020-11-21
Gulf,0.228475,0.0358,2020-11-21
Hamilton,0.01692708333333333,0.0054,2020-11-21
Hardee,0.04227627118644068,-0.0118,2020-11-21
Hendry,0.38220495049504954,0.0713,2020-11-21
Hernando,0.10323809523809524,0.0074,2020-11-21
Highlands,0.03706288659793815,-0.0181,2020-11-21
Hillsborough,0.058346875,0.0012,2020-11-21
Holmes,0.516334693877551,0.2256,2020-11-21
Indian River,0.01831777777777778,-0.0118,2020-11-21
Jackson,0.4086244897959184,0.0916,2020-11-21
Jefferson,0.01144,0.0039,2020-11-21
Lafayette,0.08046274509803922,-0.0012,2020-11-21
Lake,0.30251030927835054,0.0459,2020-11-21
Lee,0.4204425,0.0086,2020-11-21
Leon,0.01912941176470588,0.0074,2020-11-21
Levy,0.5083562500000001,0.0454,2020-11-21
Liberty,0.2362894117647059,0.0436,2020-11-21
Madison,0.00643472222222222,-4e-4,2020-11-21
Manatee,0.036392857142857143,-0.0085,2020-11-21
Marion,0.41574875,0.0289,2020-11-21
Martin,0.08605,-0.0052,2020-11-21
Miami-Dade,0.20504823529411767,-0.0036,2020-11-21
Monroe,0.44341392405063296,-0.0325,2020-11-21
Nassau,0.4736800000000001,0.1099,2020-11-21
Okaloosa,0.4723815217391305,0.1507,2020-11-21
Okeechobee,0.02394722222222222,-0.0226,2020-11-21
Orange,0.0690448275862069,4e-4,2020-11-21
Osceola,0.03427553956834532,-0.014,2020-11-21
Palm Beach,0.31816906077348067,0.0241,2020-11-21
Pasco,0.14442168674698797,1e-4,2020-11-21
Pinellas,0.0097,-0.0018,2020-11-21
Polk,0.06320459770114943,-0.0423,2020-11-21
Putnam,0.5567666666666667,0.1787,2020-11-21
Santa Rosa,0.2704917525773196,0.07980000000000001,2020-11-21
Sarasota,0.11515789473684213,-0.0087,2020-11-21
Seminole,0.04613333333333334,9.000000000000001e-4,2020-11-21
St. Johns,0.6114898305084746,0.2401,2020-11-21
St. Lucie,0.06222321428571429,0.0103,2020-11-21
Sumter,0.21899285714285716,0.0417,2020-11-21
Suwannee,0.06272173913043479,-0.0011,2020-11-21
Taylor,0.04773981481481482,-1e-4,2020-11-21
Union,0.16,0.0451,2020-11-21
Volusia,0.1950380952380953,0.0097,2020-11-21
Wakulla,0.05903928571428572,0.0087,2020-11-21
Walton,0.6021811320754717,0.29460000000000003,2020-11-21
Washington,0.4885683333333333,0.2611,2020-11-21
NA,0.28115178571428573,0.0031,2020-11-21
Alachua,0.03286931818181818,-0.0058,2020-11-22
Baker,0.02796296296296296,8e-4,2020-11-22
Bay,0.4496301369863014,0.0241,2020-11-22
Bradford,0.04116,-0.0033,2020-11-22
Brevard,0.092579,-0.0059,2020-11-22
Broward,0.05600725806451613,-0.0236,2020-11-22
Calhoun,0.45112407407407407,0.0955,2020-11-22
Charlotte,0.495396052631579,0.1652,2020-11-22
Citrus,0.06316140350877193,0.0033,2020-11-22
Clay,0.05010666666666667,0.0063,2020-11-22
Collier,0.3196106951871658,0.0063,2020-11-22
Columbia,0.075435,0.0111,2020-11-22
DeSoto,0.4622916666666667,0.1246,2020-11-22
Dixie,0.34771594202898554,0.0487,2020-11-22
Duval,0.03462753623188406,2e-4,2020-11-22
Escambia,0.31384545454545454,0.0688,2020-11-22
Flagler,0.01459375,-0.0386,2020-11-22
Franklin,0.267824,0.0241,2020-11-22
Gadsden,0.536686274509804,0.1928,2020-11-22
Gilchrist,0.06239714285714286,0.0174,2020-11-22
Glades,0.5183623529411765,0.1537,2020-11-22
Gulf,0.21651509433962263,0.0499,2020-11-22
Hamilton,0.3782291666666666,0.0404,2020-11-22
Hardee,0.35875,0.0591,2020-11-22
Hendry,0.3178485148514852,0.0095,2020-11-22
Hernando,0.05077209302325582,-7e-4,2020-11-22
Highlands,0.4651812500000001,0.1757,2020-11-22
Hillsborough,0.20519263157894735,0.0181,2020-11-22
Holmes,0.5838897959183673,0.17320000000000002,2020-11-22
Indian River,0.32934090909090913,-0.0049,2020-11-22
Jackson,0.4882448979591837,0.0969,2020-11-22
Jefferson,0.6195683333333334,0.35750000000000004,2020-11-22
Lafayette,0.3489803921568628,0.1028,2020-11-22
Lake,0.12140408163265308,-0.0017,2020-11-22
Lee,0.3834215189873418,0.16720000000000002,2020-11-22
Leon,0.6690750000000001,0.4494,2020-11-22
Levy,0.04315225225225225,-7e-4,2020-11-22
Liberty,0.5294670588235294,0.16390000000000002,2020-11-22
Madison,0.5788819444444445,0.2057,2020-11-22
Manatee,0.3667492753623189,0.17950000000000002,2020-11-22
Marion,0.0593275,-0.0065,2020-11-22
Martin,0.4243,0.2249,2020-11-22
Miami-Dade,0.02806176470588235,-0.0292,2020-11-22
Monroe,0.0659922077922078,-0.0332,2020-11-22
Nassau,0.02573666666666666,-0.0017,2020-11-22
Okaloosa,0.2225119565217391,0.0295,2020-11-22
Okeechobee,0.3240154929577465,0.0534,2020-11-22
Orange,0.04877191011235955,0.0036,2020-11-22
Osceola,0.17585785714285715,0.0064,2020-11-22
Palm Beach,0.2530254143646409,0.004,2020-11-22
Pasco,0.12341190476190476,-8e-4,2020-11-22
Pinellas,0.14138333333333333,0.0475,2020-11-22
Polk,0.20446724137931035,0.0152,2020-11-22
Putnam,0.0032575,-0.0405,2020-11-22
Santa Rosa,0.2506463157894737,0.0439,2020-11-22
Sarasota,0.4612964285714286,0.1847,2020-11-22
Seminole,0.03169393939393939,-0.0019,2020-11-22
St. Johns,0.04338135593220339,-0.0254,2020-11-22
St. Lucie,0.43064,0.037,2020-11-22
Sumter,0.04434821428571429,0.0076,2020-11-22
Suwannee,0.34400000000000003,0.0366,2020-11-22
Taylor,0.4989467289719626,0.1159,2020-11-22
Union,0.05095833333333333,8e-4,2020-11-22
Volusia,0.02827403846153846,-0.0251,2020-11-22
Wakulla,0.5954410714285715,0.26990000000000003,2020-11-22
Walton,0.4348884615384616,0.0604,2020-11-22
Washington,0.6390383333333334,0.366,2020-11-22
NA,0.35121250000000004,0.0147,2020-11-22
Alachua,0.7042522727272728,0.5563,2020-11-23
Baker,0.74595,0.6261,2020-11-23
Bay,0.5840026666666667,0.2254,2020-11-23
Bradford,0.7224733333333334,0.6522,2020-11-23
Brevard,0.4795979797979798,0.06380000000000001,2020-11-23
Broward,0.12439274193548389,1e-4,2020-11-23
Calhoun,0.6085611111111111,0.4209,2020-11-23
Charlotte,0.5586155844155845,0.2258,2020-11-23
Citrus,0.6538137931034483,0.5489,2020-11-23
Clay,0.6902254237288136,0.5368,2020-11-23
Collier,0.08818810810810811,0.0016,2020-11-23
Columbia,0.71816625,0.6175,2020-11-23
DeSoto,0.6777216666666667,0.4985,2020-11-23
Dixie,0.6879970588235295,0.4439,2020-11-23
Duval,0.6306550724637682,0.3787,2020-11-23
Escambia,0.6452548387096775,0.4313,2020-11-23
Flagler,0.6329895833333333,0.2224,2020-11-23
Franklin,0.7044530612244898,0.3708,2020-11-23
Gadsden,0.7078,0.6102000000000001,2020-11-23
Gilchrist,0.6459228571428571,0.5155000000000001,2020-11-23
Glades,0.4248337209302326,0.0509,2020-11-23
Gulf,0.629311320754717,0.4728,2020-11-23
Hamilton,0.6532854166666667,0.4618,2020-11-23
Hardee,0.6699816666666667,0.456,2020-11-23
Hendry,0.22883267326732673,0.0064,2020-11-23
Hernando,0.6335116279069768,0.1327,2020-11-23
Highlands,0.5810263157894737,0.32380000000000003,2020-11-23
Hillsborough,0.6121178947368421,0.3549,2020-11-23
Holmes,0.6763387755102042,0.6043000000000001,2020-11-23
Indian River,0.3657909090909091,0.0303,2020-11-23
Jackson,0.6012298969072165,0.4758,2020-11-23
Jefferson,0.7175933333333334,0.6236,2020-11-23
Lafayette,0.7000627450980392,0.5705,2020-11-23
Lake,0.6314427083333334,0.3244,2020-11-23
Lee,0.3957689189189189,0.0071,2020-11-23
Leon,0.6962691176470589,0.5655,2020-11-23
Levy,0.672036936936937,0.3433,2020-11-23
Liberty,0.7146494117647059,0.4236,2020-11-23
Madison,0.6864930555555556,0.4706,2020-11-23
Manatee,0.6121402777777778,0.3538,2020-11-23
Marion,0.6794125000000001,0.4565,2020-11-23
Martin,0.16130727272727274,0.0118,2020-11-23
Miami-Dade,0.24105739644970417,0.01,2020-11-23
Monroe,0.45102784810126584,0.054,2020-11-23
Nassau,0.7152573770491804,0.27740000000000004,2020-11-23
Okaloosa,0.6656054347826087,0.3892000000000001,2020-11-23
Okeechobee,0.417788888888889,0.126,2020-11-23
Orange,0.5068579545454546,0.1248,2020-11-23
Osceola,0.47736376811594206,0.1013,2020-11-23
Palm Beach,0.1662779005524862,0.0238,2020-11-23
Pasco,0.630444705882353,0.3813,2020-11-23
Pinellas,0.5085958333333334,0.4032,2020-11-23
Polk,0.6428488636363636,0.2937,2020-11-23
Putnam,0.7078394736842105,0.5663,2020-11-23
Santa Rosa,0.6599791666666667,0.4528,2020-11-23
Sarasota,0.6524232142857144,0.3822,2020-11-23
Seminole,0.4955969696969697,0.14020000000000002,2020-11-23
St. Johns,0.6713516666666667,0.3683,2020-11-23
St. Lucie,0.24489636363636363,0.0142,2020-11-23
Sumter,0.6652,0.4734,2020-11-23
Suwannee,0.6626985507246377,0.5137,2020-11-23
Taylor,0.7112280373831776,0.5195000000000001,2020-11-23
Union,0.7429541666666667,0.6864,2020-11-23
Volusia,0.6034269230769231,0.196,2020-11-23
Wakulla,0.7234719298245614,0.2783,2020-11-23
Walton,0.6738663461538462,0.4593,2020-11-23
Washington,0.6591033333333334,0.4748,2020-11-23
NA,0.6917892857142858,0.5189,2020-11-23
