"fips_code","county","date","total_outage","prev_3day_avg_outage"
12001,"Alachua",2023-08-24,48.25,NA
12001,"Alachua",2023-08-25,221.25,48.25
12001,"Alachua",2023-08-26,490,134.75
12001,"Alachua",2023-08-27,605.25,253.166666666667
12001,"Alachua",2023-08-28,428.25,438.833333333333
12001,"Alachua",2023-08-29,568.75,507.833333333333
12001,"Alachua",2023-08-30,112240.25,534.083333333333
12001,"Alachua",2023-08-31,144384,37745.75
12001,"Alachua",2023-09-01,24105,85731
12001,"Alachua",2023-09-02,3587.75,93576.4166666667
12001,"Alachua",2023-09-03,4548.25,57358.9166666667
12001,"Alachua",2023-09-04,185.25,10747
12001,"Alachua",2023-09-05,91.5,2773.75
12001,"Alachua",2023-09-06,110.5,1608.33333333333
12001,"Alachua",2023-09-07,1262.75,129.083333333333
12001,"Alachua",2023-09-08,585.5,488.25
12001,"Alachua",2023-09-09,24.5,652.916666666667
12001,"Alachua",2023-09-10,1339.5,624.25
12001,"Alachua",2023-09-11,118,649.833333333333
12001,"Alachua",2023-09-12,229.25,494
12001,"Alachua",2023-09-13,24.5,562.25
12003,"Baker",2023-08-25,9,NA
12003,"Baker",2023-08-26,48.25,9
12003,"Baker",2023-08-27,14,28.625
12003,"Baker",2023-08-28,0,23.75
12003,"Baker",2023-08-29,14.25,20.75
12003,"Baker",2023-08-30,37877.5,9.41666666666667
12003,"Baker",2023-08-31,33935.75,12630.5833333333
12003,"Baker",2023-09-01,3971,23942.5
12003,"Baker",2023-09-02,19.75,25261.4166666667
12003,"Baker",2023-09-03,4,12642.1666666667
12003,"Baker",2023-09-04,2.75,1331.58333333333
12003,"Baker",2023-09-05,2,8.83333333333333
12003,"Baker",2023-09-06,101.5,2.91666666666667
12003,"Baker",2023-09-07,10.5,35.4166666666667
12003,"Baker",2023-09-08,10.75,38
12003,"Baker",2023-09-09,14,40.9166666666667
12003,"Baker",2023-09-10,37.5,11.75
12003,"Baker",2023-09-11,92.5,20.75
12003,"Baker",2023-09-12,0.75,48
12003,"Baker",2023-09-13,213.75,43.5833333333333
12005,"Bay",2023-08-24,4192.5,NA
12005,"Bay",2023-08-25,305,4192.5
12005,"Bay",2023-08-26,17.5,2248.75
12005,"Bay",2023-08-27,10878,1505
12005,"Bay",2023-08-28,176.75,3733.5
12005,"Bay",2023-08-29,468.75,3690.75
12005,"Bay",2023-08-30,96.75,3841.16666666667
12005,"Bay",2023-08-31,216,247.416666666667
12005,"Bay",2023-09-01,2928,260.5
12005,"Bay",2023-09-02,83.5,1080.25
12005,"Bay",2023-09-03,122,1075.83333333333
12005,"Bay",2023-09-04,1304.5,1044.5
12005,"Bay",2023-09-05,283.25,503.333333333333
12005,"Bay",2023-09-06,52.5,569.916666666667
12005,"Bay",2023-09-07,63,546.75
12005,"Bay",2023-09-08,1030,132.916666666667
12005,"Bay",2023-09-09,26.25,381.833333333333
12005,"Bay",2023-09-10,556.25,373.083333333333
12005,"Bay",2023-09-11,143,537.5
12005,"Bay",2023-09-12,561.5,241.833333333333
12005,"Bay",2023-09-13,8389,420.25
12007,"Bradford",2023-08-24,9.25,NA
12007,"Bradford",2023-08-25,0.5,9.25
12007,"Bradford",2023-08-26,61.5,4.875
12007,"Bradford",2023-08-27,0.5,23.75
12007,"Bradford",2023-08-28,0,20.8333333333333
12007,"Bradford",2023-08-29,88.25,20.6666666666667
12007,"Bradford",2023-08-30,13024,29.5833333333333
12007,"Bradford",2023-08-31,4504,4370.75
12007,"Bradford",2023-09-01,8,5872.08333333333
12007,"Bradford",2023-09-02,12.5,5845.33333333333
12007,"Bradford",2023-09-03,19,1508.16666666667
12007,"Bradford",2023-09-04,8,13.1666666666667
12007,"Bradford",2023-09-05,4.75,13.1666666666667
12007,"Bradford",2023-09-06,0,10.5833333333333
12007,"Bradford",2023-09-07,3,4.25
12007,"Bradford",2023-09-08,11.75,2.58333333333333
12007,"Bradford",2023-09-09,17,4.91666666666667
12007,"Bradford",2023-09-10,7,10.5833333333333
12007,"Bradford",2023-09-11,18,11.9166666666667
12007,"Bradford",2023-09-12,9.75,14
12007,"Bradford",2023-09-13,7.25,11.5833333333333
12009,"Brevard",2023-08-24,2450.75,NA
12009,"Brevard",2023-08-25,532.25,2450.75
12009,"Brevard",2023-08-26,383.25,1491.5
12009,"Brevard",2023-08-27,262.25,1122.08333333333
12009,"Brevard",2023-08-28,957,392.583333333333
12009,"Brevard",2023-08-29,2105,534.166666666667
12009,"Brevard",2023-08-30,10502.75,1108.08333333333
12009,"Brevard",2023-08-31,3635,4521.58333333333
12009,"Brevard",2023-09-01,2046,5414.25
12009,"Brevard",2023-09-02,678.75,5394.58333333333
12009,"Brevard",2023-09-03,126,2119.91666666667
12009,"Brevard",2023-09-04,132.5,950.25
12009,"Brevard",2023-09-05,414.5,312.416666666667
12009,"Brevard",2023-09-06,719,224.333333333333
12009,"Brevard",2023-09-07,774.5,422
12009,"Brevard",2023-09-08,5382.25,636
12009,"Brevard",2023-09-09,3847.25,2291.91666666667
12009,"Brevard",2023-09-10,363.25,3334.66666666667
12009,"Brevard",2023-09-11,1106,3197.58333333333
12009,"Brevard",2023-09-12,973.5,1772.16666666667
12009,"Brevard",2023-09-13,980,814.25
12011,"Broward",2023-08-24,3949,NA
12011,"Broward",2023-08-25,2132.25,3949
12011,"Broward",2023-08-26,1429.5,3040.625
12011,"Broward",2023-08-27,2044,2503.58333333333
12011,"Broward",2023-08-28,4687.25,1868.58333333333
12011,"Broward",2023-08-29,8328.5,2720.25
12011,"Broward",2023-08-30,18855.25,5019.91666666667
12011,"Broward",2023-08-31,24023.25,10623.6666666667
12011,"Broward",2023-09-01,8485.5,17069
12011,"Broward",2023-09-02,7634,17121.3333333333
12011,"Broward",2023-09-03,3372.25,13380.9166666667
12011,"Broward",2023-09-04,1769,6497.25
12011,"Broward",2023-09-05,2276.5,4258.41666666667
12011,"Broward",2023-09-06,1769.5,2472.58333333333
12011,"Broward",2023-09-07,3104,1938.33333333333
12011,"Broward",2023-09-08,1711,2383.33333333333
12011,"Broward",2023-09-09,8825,2194.83333333333
12011,"Broward",2023-09-10,4015.25,4546.66666666667
12011,"Broward",2023-09-11,6188.25,4850.41666666667
12011,"Broward",2023-09-12,2714,6342.83333333333
12011,"Broward",2023-09-13,3035.5,4305.83333333333
12013,"Calhoun",2023-08-24,18.5,NA
12013,"Calhoun",2023-08-25,3,18.5
12013,"Calhoun",2023-08-26,244.25,10.75
12013,"Calhoun",2023-08-27,139.75,88.5833333333333
12013,"Calhoun",2023-08-28,3,129
12013,"Calhoun",2023-08-30,5.25,129
12013,"Calhoun",2023-09-01,0.5,49.3333333333333
12013,"Calhoun",2023-09-04,0.25,2.91666666666667
12013,"Calhoun",2023-09-06,10,2
12013,"Calhoun",2023-09-07,0.25,3.58333333333333
12013,"Calhoun",2023-09-08,0,3.5
12013,"Calhoun",2023-09-10,3,3.41666666666667
12013,"Calhoun",2023-09-11,24.5,1.08333333333333
12013,"Calhoun",2023-09-13,0,9.16666666666667
12015,"Charlotte",2023-08-24,2093.25,NA
12015,"Charlotte",2023-08-25,18.75,2093.25
12015,"Charlotte",2023-08-26,47.5,1056
12015,"Charlotte",2023-08-27,390,719.833333333333
12015,"Charlotte",2023-08-28,785.5,152.083333333333
12015,"Charlotte",2023-08-29,844.5,407.666666666667
12015,"Charlotte",2023-08-30,33466,673.333333333333
12015,"Charlotte",2023-08-31,704.75,11698.6666666667
12015,"Charlotte",2023-09-01,260.75,11671.75
12015,"Charlotte",2023-09-02,106.5,11477.1666666667
12015,"Charlotte",2023-09-03,238.5,357.333333333333
12015,"Charlotte",2023-09-04,103,201.916666666667
12015,"Charlotte",2023-09-05,103.75,149.333333333333
12015,"Charlotte",2023-09-06,334.25,148.416666666667
12015,"Charlotte",2023-09-07,161.75,180.333333333333
12015,"Charlotte",2023-09-08,609.25,199.916666666667
12015,"Charlotte",2023-09-09,310.75,368.416666666667
12015,"Charlotte",2023-09-10,15.25,360.583333333333
12015,"Charlotte",2023-09-11,68.5,311.75
12015,"Charlotte",2023-09-12,162.5,131.5
12015,"Charlotte",2023-09-13,128.5,82.0833333333333
12017,"Citrus",2023-08-24,177.5,NA
12017,"Citrus",2023-08-25,125.5,177.5
12017,"Citrus",2023-08-26,54.25,151.5
12017,"Citrus",2023-08-27,89.25,119.083333333333
12017,"Citrus",2023-08-28,294,89.6666666666667
12017,"Citrus",2023-08-29,7774,145.833333333333
12017,"Citrus",2023-08-30,55764.5,2719.08333333333
12017,"Citrus",2023-08-31,42095.5,21277.5
12017,"Citrus",2023-09-01,2515,35211.3333333333
12017,"Citrus",2023-09-02,630.25,33458.3333333333
12017,"Citrus",2023-09-03,26.5,15080.25
12017,"Citrus",2023-09-04,64.25,1057.25
12017,"Citrus",2023-09-05,121,240.333333333333
12017,"Citrus",2023-09-06,13092.25,70.5833333333333
12017,"Citrus",2023-09-07,1576.5,4425.83333333333
12017,"Citrus",2023-09-08,186,4929.91666666667
12017,"Citrus",2023-09-09,62.25,4951.58333333333
12017,"Citrus",2023-09-10,161,608.25
12017,"Citrus",2023-09-11,787,136.416666666667
12017,"Citrus",2023-09-12,65.25,336.75
12017,"Citrus",2023-09-13,138.25,337.75
12019,"Clay",2023-08-24,227,NA
12019,"Clay",2023-08-25,465.25,227
12019,"Clay",2023-08-26,1,346.125
12019,"Clay",2023-08-27,6,231.083333333333
12019,"Clay",2023-08-28,58,157.416666666667
12019,"Clay",2023-08-29,48.75,21.6666666666667
12019,"Clay",2023-08-30,24844.75,37.5833333333333
12019,"Clay",2023-08-31,3202.5,8317.16666666667
12019,"Clay",2023-09-01,2253,9365.33333333333
12019,"Clay",2023-09-02,256.75,10100.0833333333
12019,"Clay",2023-09-03,37.5,1904.08333333333
12019,"Clay",2023-09-04,0.25,849.083333333333
12019,"Clay",2023-09-05,78.25,98.1666666666667
12019,"Clay",2023-09-06,31.75,38.6666666666667
12019,"Clay",2023-09-07,253,36.75
12019,"Clay",2023-09-08,180.25,121
12019,"Clay",2023-09-09,93.75,155
12019,"Clay",2023-09-10,96.25,175.666666666667
12019,"Clay",2023-09-11,2663.75,123.416666666667
12019,"Clay",2023-09-12,72.25,951.25
12019,"Clay",2023-09-13,540.75,944.083333333333
12021,"Collier",2023-08-24,2733.25,NA
12021,"Collier",2023-08-25,1257.75,2733.25
12021,"Collier",2023-08-26,462.5,1995.5
12021,"Collier",2023-08-27,1097.25,1484.5
12021,"Collier",2023-08-28,723.5,939.166666666667
12021,"Collier",2023-08-29,4836,761.083333333333
12021,"Collier",2023-08-30,9346.75,2218.91666666667
12021,"Collier",2023-08-31,3081.25,4968.75
12021,"Collier",2023-09-01,674.25,5754.66666666667
12021,"Collier",2023-09-02,3563,4367.41666666667
12021,"Collier",2023-09-03,972,2439.5
12021,"Collier",2023-09-04,495.25,1736.41666666667
12021,"Collier",2023-09-05,397.75,1676.75
12021,"Collier",2023-09-06,279,621.666666666667
12021,"Collier",2023-09-07,5821.25,390.666666666667
12021,"Collier",2023-09-08,1741,2166
12021,"Collier",2023-09-09,632.5,2613.75
12021,"Collier",2023-09-10,391.25,2731.58333333333
12021,"Collier",2023-09-11,188.5,921.583333333333
12021,"Collier",2023-09-12,557.75,404.083333333333
12021,"Collier",2023-09-13,689.5,379.166666666667
12023,"Columbia",2023-08-24,766.5,NA
12023,"Columbia",2023-08-25,30,766.5
12023,"Columbia",2023-08-26,312.75,398.25
12023,"Columbia",2023-08-27,974.25,369.75
12023,"Columbia",2023-08-28,318.75,439
12023,"Columbia",2023-08-29,15.25,535.25
12023,"Columbia",2023-08-30,289614,436.083333333333
12023,"Columbia",2023-08-31,423293,96649.3333333333
12023,"Columbia",2023-09-01,235562.75,237640.75
12023,"Columbia",2023-09-02,34507.5,316156.583333333
12023,"Columbia",2023-09-03,13428,231121.083333333
12023,"Columbia",2023-09-04,7709.25,94499.4166666667
12023,"Columbia",2023-09-05,3840,18548.25
12023,"Columbia",2023-09-06,1010.5,8325.75
12023,"Columbia",2023-09-07,154.25,4186.58333333333
12023,"Columbia",2023-09-08,548.25,1668.25
12023,"Columbia",2023-09-09,2077.5,571
12023,"Columbia",2023-09-10,160,926.666666666667
12023,"Columbia",2023-09-11,213.5,928.583333333333
12023,"Columbia",2023-09-12,208.5,817
12023,"Columbia",2023-09-13,262.5,194
12027,"DeSoto",2023-08-24,1.25,NA
12027,"DeSoto",2023-08-25,23,1.25
12027,"DeSoto",2023-08-26,1,12.125
12027,"DeSoto",2023-08-27,8.25,8.41666666666667
12027,"DeSoto",2023-08-28,11.25,10.75
12027,"DeSoto",2023-08-29,215.5,6.83333333333333
12027,"DeSoto",2023-08-30,6177,78.3333333333333
12027,"DeSoto",2023-08-31,29,2134.58333333333
12027,"DeSoto",2023-09-01,26.25,2140.5
12027,"DeSoto",2023-09-02,30.25,2077.41666666667
12027,"DeSoto",2023-09-03,0,28.5
12027,"DeSoto",2023-09-04,16.5,18.8333333333333
12027,"DeSoto",2023-09-05,20.25,15.5833333333333
12027,"DeSoto",2023-09-06,20.25,12.25
12027,"DeSoto",2023-09-07,4.25,19
12027,"DeSoto",2023-09-08,184,14.9166666666667
12027,"DeSoto",2023-09-09,4.25,69.5
12027,"DeSoto",2023-09-10,22.75,64.1666666666667
12027,"DeSoto",2023-09-11,30.25,70.3333333333333
12027,"DeSoto",2023-09-12,7.75,19.0833333333333
12027,"DeSoto",2023-09-13,111.5,20.25
12029,"Dixie",2023-08-24,67.25,NA
12029,"Dixie",2023-08-25,1528.75,67.25
12029,"Dixie",2023-08-26,1.25,798
12029,"Dixie",2023-08-27,26.25,532.416666666667
12029,"Dixie",2023-08-28,84.5,518.75
12029,"Dixie",2023-08-29,354.75,37.3333333333333
12029,"Dixie",2023-08-30,115794,155.166666666667
12029,"Dixie",2023-08-31,212902.75,38744.4166666667
12029,"Dixie",2023-09-01,176631.75,109683.833333333
12029,"Dixie",2023-09-02,112398.5,168442.833333333
12029,"Dixie",2023-09-03,79172.5,167311
12029,"Dixie",2023-09-04,37248.75,122734.25
12029,"Dixie",2023-09-05,22982,76273.25
12029,"Dixie",2023-09-06,1349.5,46467.75
12029,"Dixie",2023-09-07,409.25,20526.75
12029,"Dixie",2023-09-08,434.5,8246.91666666667
12029,"Dixie",2023-09-09,434.25,731.083333333333
12029,"Dixie",2023-09-10,12.5,426
12029,"Dixie",2023-09-11,115.25,293.75
12029,"Dixie",2023-09-12,137.75,187.333333333333
12029,"Dixie",2023-09-13,66,88.5
12031,"Duval",2023-08-24,483,NA
12031,"Duval",2023-08-25,2151.25,483
12031,"Duval",2023-08-26,557,1317.125
12031,"Duval",2023-08-27,38,1063.75
12031,"Duval",2023-08-28,1021,915.416666666667
12031,"Duval",2023-08-29,5765,538.666666666667
12031,"Duval",2023-08-30,92327.75,2274.66666666667
12031,"Duval",2023-08-31,11215.25,33037.9166666667
12031,"Duval",2023-09-01,2135.75,36436
12031,"Duval",2023-09-02,124,35226.25
12031,"Duval",2023-09-03,764.75,4491.66666666667
12031,"Duval",2023-09-04,426.5,1008.16666666667
12031,"Duval",2023-09-05,329.75,438.416666666667
12031,"Duval",2023-09-06,49.25,507
12031,"Duval",2023-09-07,105.25,268.5
12031,"Duval",2023-09-08,265.5,161.416666666667
12031,"Duval",2023-09-09,1547.25,140
12031,"Duval",2023-09-10,212.5,639.333333333333
12031,"Duval",2023-09-11,15068.5,675.083333333333
12031,"Duval",2023-09-12,13621.25,5609.41666666667
12031,"Duval",2023-09-13,3057.25,9634.08333333333
12033,"Escambia",2023-08-24,568.5,NA
12033,"Escambia",2023-08-25,23.75,568.5
12033,"Escambia",2023-08-26,23.5,296.125
12033,"Escambia",2023-08-27,259.75,205.25
12033,"Escambia",2023-08-28,415.5,102.333333333333
12033,"Escambia",2023-08-29,2939.25,232.916666666667
12033,"Escambia",2023-08-30,288,1204.83333333333
12033,"Escambia",2023-08-31,70.5,1214.25
12033,"Escambia",2023-09-01,1093.75,1099.25
12033,"Escambia",2023-09-02,2255.25,484.083333333333
12033,"Escambia",2023-09-03,619.5,1139.83333333333
12033,"Escambia",2023-09-04,282.75,1322.83333333333
12033,"Escambia",2023-09-05,306,1052.5
12033,"Escambia",2023-09-06,122.25,402.75
12033,"Escambia",2023-09-07,904.5,237
12033,"Escambia",2023-09-08,1062,444.25
12033,"Escambia",2023-09-09,41.25,696.25
12033,"Escambia",2023-09-10,22.5,669.25
12033,"Escambia",2023-09-11,512.75,375.25
12033,"Escambia",2023-09-12,836,192.166666666667
12033,"Escambia",2023-09-13,4347.5,457.083333333333
12035,"Flagler",2023-08-24,150.25,NA
12035,"Flagler",2023-08-25,4.25,150.25
12035,"Flagler",2023-08-26,232,77.25
12035,"Flagler",2023-08-27,5,128.833333333333
12035,"Flagler",2023-08-28,411.75,80.4166666666667
12035,"Flagler",2023-08-29,88.75,216.25
12035,"Flagler",2023-08-30,1978,168.5
12035,"Flagler",2023-08-31,161,826.166666666667
12035,"Flagler",2023-09-01,6.5,742.583333333333
12035,"Flagler",2023-09-02,14,715.166666666667
12035,"Flagler",2023-09-03,3,60.5
12035,"Flagler",2023-09-04,2.25,7.83333333333333
12035,"Flagler",2023-09-05,122.75,6.41666666666667
12035,"Flagler",2023-09-06,21,42.6666666666667
12035,"Flagler",2023-09-07,33.25,48.6666666666667
12035,"Flagler",2023-09-08,1185,59
12035,"Flagler",2023-09-09,312.5,413.083333333333
12035,"Flagler",2023-09-10,22.75,510.25
12035,"Flagler",2023-09-11,249.5,506.75
12035,"Flagler",2023-09-12,30.5,194.916666666667
12035,"Flagler",2023-09-13,292.75,100.916666666667
12037,"Franklin",2023-08-25,2.5,NA
12037,"Franklin",2023-08-26,765,2.5
12037,"Franklin",2023-08-27,9.25,383.75
12037,"Franklin",2023-08-28,19.25,258.916666666667
12037,"Franklin",2023-08-29,2.5,264.5
12037,"Franklin",2023-08-30,6835.75,10.3333333333333
12037,"Franklin",2023-08-31,246.5,2285.83333333333
12037,"Franklin",2023-09-01,230.25,2361.58333333333
12037,"Franklin",2023-09-02,47,2437.5
12037,"Franklin",2023-09-06,0,174.583333333333
12037,"Franklin",2023-09-13,4.5,92.4166666666667
12039,"Gadsden",2023-08-24,104,NA
12039,"Gadsden",2023-08-25,43,104
12039,"Gadsden",2023-08-26,1607.25,73.5
12039,"Gadsden",2023-08-27,130.25,584.75
12039,"Gadsden",2023-08-28,85.75,593.5
12039,"Gadsden",2023-08-29,175.75,607.75
12039,"Gadsden",2023-08-30,10560.25,130.583333333333
12039,"Gadsden",2023-08-31,1160.75,3607.25
12039,"Gadsden",2023-09-01,7.25,3965.58333333333
12039,"Gadsden",2023-09-02,4,3909.41666666667
12039,"Gadsden",2023-09-04,3.25,390.666666666667
12039,"Gadsden",2023-09-05,4.5,4.83333333333333
12039,"Gadsden",2023-09-06,65.75,3.91666666666667
12039,"Gadsden",2023-09-07,140.75,24.5
12039,"Gadsden",2023-09-08,549.5,70.3333333333333
12039,"Gadsden",2023-09-09,6.75,252
12039,"Gadsden",2023-09-10,11.5,232.333333333333
12039,"Gadsden",2023-09-11,14,189.25
12039,"Gadsden",2023-09-12,289.5,10.75
12039,"Gadsden",2023-09-13,12.25,105
12041,"Gilchrist",2023-08-24,47,NA
12041,"Gilchrist",2023-08-25,12.75,47
12041,"Gilchrist",2023-08-26,44.75,29.875
12041,"Gilchrist",2023-08-27,10.25,34.8333333333333
12041,"Gilchrist",2023-08-28,63.25,22.5833333333333
12041,"Gilchrist",2023-08-29,70.25,39.4166666666667
12041,"Gilchrist",2023-08-30,93983.5,47.9166666666667
12041,"Gilchrist",2023-08-31,143846,31372.3333333333
12041,"Gilchrist",2023-09-01,87987.75,79299.9166666667
12041,"Gilchrist",2023-09-02,49379.5,108605.75
12041,"Gilchrist",2023-09-03,18141,93737.75
12041,"Gilchrist",2023-09-04,5815.5,51836.0833333333
12041,"Gilchrist",2023-09-05,293.75,24445.3333333333
12041,"Gilchrist",2023-09-06,245.25,8083.41666666667
12041,"Gilchrist",2023-09-07,194.5,2118.16666666667
12041,"Gilchrist",2023-09-08,149,244.5
12041,"Gilchrist",2023-09-09,232.75,196.25
12041,"Gilchrist",2023-09-10,8.25,192.083333333333
12041,"Gilchrist",2023-09-11,34.75,130
12041,"Gilchrist",2023-09-12,50.25,91.9166666666667
12041,"Gilchrist",2023-09-13,136.25,31.0833333333333
12043,"Glades",2023-08-24,30.25,NA
12043,"Glades",2023-08-25,3.25,30.25
12043,"Glades",2023-08-26,0,16.75
12043,"Glades",2023-08-28,5.25,11.1666666666667
12043,"Glades",2023-08-29,521,2.83333333333333
12043,"Glades",2023-08-30,21.5,175.416666666667
12043,"Glades",2023-08-31,0,182.583333333333
12043,"Glades",2023-09-02,242.5,180.833333333333
12043,"Glades",2023-09-03,0,88
12043,"Glades",2023-09-05,5,80.8333333333333
12043,"Glades",2023-09-06,27.5,82.5
12043,"Glades",2023-09-07,2.75,10.8333333333333
12043,"Glades",2023-09-09,4.5,11.75
12043,"Glades",2023-09-11,4.5,11.5833333333333
12043,"Glades",2023-09-12,0,3.91666666666667
12045,"Gulf",2023-08-24,124,NA
12045,"Gulf",2023-08-25,1.75,124
12045,"Gulf",2023-08-26,4586,62.875
12045,"Gulf",2023-08-27,22867,1570.58333333333
12045,"Gulf",2023-08-28,1,9151.58333333333
12045,"Gulf",2023-08-29,266.75,9151.33333333333
12045,"Gulf",2023-08-30,4258.25,7711.58333333333
12045,"Gulf",2023-08-31,9,1508.66666666667
12045,"Gulf",2023-09-01,2.75,1511.33333333333
12045,"Gulf",2023-09-02,4701.5,1423.33333333333
12045,"Gulf",2023-09-04,1.25,1571.08333333333
12045,"Gulf",2023-09-06,0.75,1568.5
12045,"Gulf",2023-09-07,112.5,1567.83333333333
12045,"Gulf",2023-09-08,8.5,38.1666666666667
12045,"Gulf",2023-09-09,3,40.5833333333333
12045,"Gulf",2023-09-11,1,41.3333333333333
12045,"Gulf",2023-09-12,4,4.16666666666667
12045,"Gulf",2023-09-13,21.25,2.66666666666667
12047,"Hamilton",2023-08-24,23.5,NA
12047,"Hamilton",2023-08-25,70.75,23.5
12047,"Hamilton",2023-08-26,589.75,47.125
12047,"Hamilton",2023-08-27,927.25,228
12047,"Hamilton",2023-08-28,18.25,529.25
12047,"Hamilton",2023-08-29,305.5,511.75
12047,"Hamilton",2023-08-30,57319,417
12047,"Hamilton",2023-08-31,187442.75,19214.25
12047,"Hamilton",2023-09-01,161357,81689.0833333333
12047,"Hamilton",2023-09-02,119693.75,135372.916666667
12047,"Hamilton",2023-09-03,98278.5,156164.5
12047,"Hamilton",2023-09-04,70825.75,126443.083333333
12047,"Hamilton",2023-09-05,53932.75,96266
12047,"Hamilton",2023-09-06,30813.5,74345.6666666667
12047,"Hamilton",2023-09-07,8570,51857.3333333333
12047,"Hamilton",2023-09-08,3054.5,31105.4166666667
12047,"Hamilton",2023-09-09,2590.25,14146
12047,"Hamilton",2023-09-10,1258.75,4738.25
12047,"Hamilton",2023-09-11,641.25,2301.16666666667
12047,"Hamilton",2023-09-12,580,1496.75
12047,"Hamilton",2023-09-13,273.25,826.666666666667
12049,"Hardee",2023-08-24,10.25,NA
12049,"Hardee",2023-08-25,49.5,10.25
12049,"Hardee",2023-08-26,0,29.875
12049,"Hardee",2023-08-27,6.25,19.9166666666667
12049,"Hardee",2023-08-28,2.75,18.5833333333333
12049,"Hardee",2023-08-29,59.5,3
12049,"Hardee",2023-08-30,131.75,22.8333333333333
12049,"Hardee",2023-08-31,8.5,64.6666666666667
12049,"Hardee",2023-09-01,402.25,66.5833333333333
12049,"Hardee",2023-09-02,217.5,180.833333333333
12049,"Hardee",2023-09-03,16.25,209.416666666667
12049,"Hardee",2023-09-05,10.5,212
12049,"Hardee",2023-09-06,14,81.4166666666667
12049,"Hardee",2023-09-07,0.25,13.5833333333333
12049,"Hardee",2023-09-08,25.25,8.25
12049,"Hardee",2023-09-09,3.25,13.1666666666667
12049,"Hardee",2023-09-10,2.75,9.58333333333333
12049,"Hardee",2023-09-11,18,10.4166666666667
12049,"Hardee",2023-09-12,17,8
12049,"Hardee",2023-09-13,54,12.5833333333333
12051,"Hendry",2023-08-24,3.5,NA
12051,"Hendry",2023-08-25,3,3.5
12051,"Hendry",2023-08-26,3.75,3.25
12051,"Hendry",2023-08-27,0.5,3.41666666666667
12051,"Hendry",2023-08-28,36,2.41666666666667
12051,"Hendry",2023-08-29,124.75,13.4166666666667
12051,"Hendry",2023-08-30,88.25,53.75
12051,"Hendry",2023-08-31,3.75,83
12051,"Hendry",2023-09-01,6,72.25
12051,"Hendry",2023-09-02,250,32.6666666666667
12051,"Hendry",2023-09-03,9,86.5833333333333
12051,"Hendry",2023-09-04,20,88.3333333333333
12051,"Hendry",2023-09-05,6.75,93
12051,"Hendry",2023-09-06,29.25,11.9166666666667
12051,"Hendry",2023-09-07,6.75,18.6666666666667
12051,"Hendry",2023-09-08,22.75,14.25
12051,"Hendry",2023-09-09,299.5,19.5833333333333
12051,"Hendry",2023-09-10,36.5,109.666666666667
12051,"Hendry",2023-09-11,11.5,119.583333333333
12051,"Hendry",2023-09-12,2.5,115.833333333333
12051,"Hendry",2023-09-13,2,16.8333333333333
12053,"Hernando",2023-08-24,100,NA
12053,"Hernando",2023-08-25,2194,100
12053,"Hernando",2023-08-26,1171.5,1147
12053,"Hernando",2023-08-27,530,1155.16666666667
12053,"Hernando",2023-08-28,24.5,1298.5
12053,"Hernando",2023-08-29,2669.5,575.333333333333
12053,"Hernando",2023-08-30,33796.25,1074.66666666667
12053,"Hernando",2023-08-31,7944.25,12163.4166666667
12053,"Hernando",2023-09-01,664,14803.3333333333
12053,"Hernando",2023-09-02,29.75,14134.8333333333
12053,"Hernando",2023-09-03,291,2879.33333333333
12053,"Hernando",2023-09-04,13,328.25
12053,"Hernando",2023-09-05,27.25,111.25
12053,"Hernando",2023-09-06,555.5,110.416666666667
12053,"Hernando",2023-09-07,234.5,198.583333333333
12053,"Hernando",2023-09-08,1143,272.416666666667
12053,"Hernando",2023-09-09,17.75,644.333333333333
12053,"Hernando",2023-09-10,20,465.083333333333
12053,"Hernando",2023-09-11,20.75,393.583333333333
12053,"Hernando",2023-09-12,57.5,19.5
12053,"Hernando",2023-09-13,17.75,32.75
12055,"Highlands",2023-08-24,132.25,NA
12055,"Highlands",2023-08-25,36,132.25
12055,"Highlands",2023-08-26,4026.5,84.125
12055,"Highlands",2023-08-27,23.25,1398.25
12055,"Highlands",2023-08-28,52,1361.91666666667
12055,"Highlands",2023-08-29,94,1367.25
12055,"Highlands",2023-08-30,175.5,56.4166666666667
12055,"Highlands",2023-08-31,12.25,107.166666666667
12055,"Highlands",2023-09-01,8,93.9166666666667
12055,"Highlands",2023-09-02,0.25,65.25
12055,"Highlands",2023-09-03,0,6.83333333333333
12055,"Highlands",2023-09-06,0,2.75
12055,"Highlands",2023-09-07,0,0.0833333333333333
12055,"Highlands",2023-09-09,2.25,0
12055,"Highlands",2023-09-12,78.75,0.75
12055,"Highlands",2023-09-13,42.25,27
12057,"Hillsborough",2023-08-24,1371.75,NA
12057,"Hillsborough",2023-08-25,982.75,1371.75
12057,"Hillsborough",2023-08-26,409.25,1177.25
12057,"Hillsborough",2023-08-27,506.25,921.25
12057,"Hillsborough",2023-08-28,2266.25,632.75
12057,"Hillsborough",2023-08-29,2609,1060.58333333333
12057,"Hillsborough",2023-08-30,43439,1793.83333333333
12057,"Hillsborough",2023-08-31,2133.75,16104.75
12057,"Hillsborough",2023-09-01,4014.75,16060.5833333333
12057,"Hillsborough",2023-09-02,3212.75,16529.1666666667
12057,"Hillsborough",2023-09-03,288.25,3120.41666666667
12057,"Hillsborough",2023-09-04,597.25,2505.25
12057,"Hillsborough",2023-09-05,682.25,1366.08333333333
12057,"Hillsborough",2023-09-06,1924,522.583333333333
12057,"Hillsborough",2023-09-07,5103.5,1067.83333333333
12057,"Hillsborough",2023-09-08,892.75,2569.91666666667
12057,"Hillsborough",2023-09-09,2913,2640.08333333333
12057,"Hillsborough",2023-09-10,338.5,2969.75
12057,"Hillsborough",2023-09-11,418,1381.41666666667
12057,"Hillsborough",2023-09-12,1576.75,1223.16666666667
12057,"Hillsborough",2023-09-13,1437.25,777.75
12059,"Holmes",2023-08-25,2,NA
12059,"Holmes",2023-08-26,127.5,2
12059,"Holmes",2023-08-27,37.5,64.75
12059,"Holmes",2023-08-28,168.25,55.6666666666667
12059,"Holmes",2023-08-29,1661.75,111.083333333333
12059,"Holmes",2023-08-30,33,622.5
12059,"Holmes",2023-08-31,0.5,621
12059,"Holmes",2023-09-01,53.5,565.083333333333
12059,"Holmes",2023-09-02,5,29
12059,"Holmes",2023-09-03,11.5,19.6666666666667
12059,"Holmes",2023-09-04,0.5,23.3333333333333
12059,"Holmes",2023-09-05,24,5.66666666666667
12059,"Holmes",2023-09-07,1,12
12059,"Holmes",2023-09-08,10.5,8.5
12059,"Holmes",2023-09-09,67.25,11.8333333333333
12059,"Holmes",2023-09-10,33,26.25
12059,"Holmes",2023-09-11,1.75,36.9166666666667
12059,"Holmes",2023-09-12,8,34
12059,"Holmes",2023-09-13,802.5,14.25
12061,"Indian River",2023-08-24,196.5,NA
12061,"Indian River",2023-08-25,641.75,196.5
12061,"Indian River",2023-08-26,11.5,419.125
12061,"Indian River",2023-08-27,91,283.25
12061,"Indian River",2023-08-28,80.25,248.083333333333
12061,"Indian River",2023-08-29,631.5,60.9166666666667
12061,"Indian River",2023-08-30,2888.25,267.583333333333
12061,"Indian River",2023-08-31,1301,1200
12061,"Indian River",2023-09-01,3869.25,1606.91666666667
12061,"Indian River",2023-09-02,25,2686.16666666667
12061,"Indian River",2023-09-03,1370,1731.75
12061,"Indian River",2023-09-04,24.25,1754.75
12061,"Indian River",2023-09-05,19.5,473.083333333333
12061,"Indian River",2023-09-06,120,471.25
12061,"Indian River",2023-09-07,476.75,54.5833333333333
12061,"Indian River",2023-09-08,849.5,205.416666666667
12061,"Indian River",2023-09-09,2066,482.083333333333
12061,"Indian River",2023-09-10,1082.5,1130.75
12061,"Indian River",2023-09-11,111.5,1332.66666666667
12061,"Indian River",2023-09-12,247.25,1086.66666666667
12061,"Indian River",2023-09-13,168.75,480.416666666667
12063,"Jackson",2023-08-24,1.75,NA
12063,"Jackson",2023-08-25,12.5,1.75
12063,"Jackson",2023-08-26,2.25,7.125
12063,"Jackson",2023-08-27,61.75,5.5
12063,"Jackson",2023-08-28,6.25,25.5
12063,"Jackson",2023-08-29,46.25,23.4166666666667
12063,"Jackson",2023-08-30,12,38.0833333333333
12063,"Jackson",2023-08-31,2.5,21.5
12063,"Jackson",2023-09-01,5397.75,20.25
12063,"Jackson",2023-09-02,2.75,1804.08333333333
12063,"Jackson",2023-09-03,6.5,1801
12063,"Jackson",2023-09-04,6.25,1802.33333333333
12063,"Jackson",2023-09-05,13.25,5.16666666666667
12063,"Jackson",2023-09-06,3.25,8.66666666666667
12063,"Jackson",2023-09-07,0.5,7.58333333333333
12063,"Jackson",2023-09-08,1.5,5.66666666666667
12063,"Jackson",2023-09-09,0.75,1.75
12063,"Jackson",2023-09-10,3,0.916666666666667
12063,"Jackson",2023-09-11,1,1.75
12063,"Jackson",2023-09-12,200.25,1.58333333333333
12063,"Jackson",2023-09-13,1,68.0833333333333
12065,"Jefferson",2023-08-24,2.75,NA
12065,"Jefferson",2023-08-26,1417.75,2.75
12065,"Jefferson",2023-08-27,36.25,710.25
12065,"Jefferson",2023-08-28,25.5,485.583333333333
12065,"Jefferson",2023-08-29,326.5,493.166666666667
12065,"Jefferson",2023-08-30,78962.25,129.416666666667
12065,"Jefferson",2023-08-31,206661.75,26438.0833333333
12065,"Jefferson",2023-09-01,134845.75,95316.8333333333
12065,"Jefferson",2023-09-02,57306,140156.583333333
12065,"Jefferson",2023-09-03,31176.75,132937.833333333
12065,"Jefferson",2023-09-04,13212,74442.8333333333
12065,"Jefferson",2023-09-05,6281.75,33898.25
12065,"Jefferson",2023-09-06,3812.5,16890.1666666667
12065,"Jefferson",2023-09-07,2134.25,7768.75
12065,"Jefferson",2023-09-08,155.25,4076.16666666667
12065,"Jefferson",2023-09-09,1.25,2034
12065,"Jefferson",2023-09-10,1146.5,763.583333333333
12065,"Jefferson",2023-09-11,2,434.333333333333
12065,"Jefferson",2023-09-12,454.25,383.25
12065,"Jefferson",2023-09-13,14,534.25
12067,"Lafayette",2023-08-24,95,NA
12067,"Lafayette",2023-08-25,7,95
12067,"Lafayette",2023-08-26,386,51
12067,"Lafayette",2023-08-27,14,162.666666666667
12067,"Lafayette",2023-08-28,22.75,135.666666666667
12067,"Lafayette",2023-08-29,35.5,140.916666666667
12067,"Lafayette",2023-08-30,47679.75,24.0833333333333
12067,"Lafayette",2023-08-31,106087.75,15912.6666666667
12067,"Lafayette",2023-09-01,96709.25,51267.6666666667
12067,"Lafayette",2023-09-02,76805,83492.25
12067,"Lafayette",2023-09-03,51489.75,93200.6666666667
12067,"Lafayette",2023-09-04,56056.25,75001.3333333333
12067,"Lafayette",2023-09-05,42719.75,61450.3333333333
12067,"Lafayette",2023-09-06,23490.5,50088.5833333333
12067,"Lafayette",2023-09-07,7941.25,40755.5
12067,"Lafayette",2023-09-08,5998,24717.1666666667
12067,"Lafayette",2023-09-09,1124,12476.5833333333
12067,"Lafayette",2023-09-10,744.25,5021.08333333333
12067,"Lafayette",2023-09-11,336,2622.08333333333
12067,"Lafayette",2023-09-12,494.25,734.75
12067,"Lafayette",2023-09-13,673,524.833333333333
12069,"Lake",2023-08-24,621.75,NA
12069,"Lake",2023-08-25,593.25,621.75
12069,"Lake",2023-08-26,271.75,607.5
12069,"Lake",2023-08-27,371.75,495.583333333333
12069,"Lake",2023-08-28,821.5,412.25
12069,"Lake",2023-08-29,1582.75,488.333333333333
12069,"Lake",2023-08-30,6454.5,925.333333333333
12069,"Lake",2023-08-31,309.25,2952.91666666667
12069,"Lake",2023-09-01,768.75,2782.16666666667
12069,"Lake",2023-09-02,185,2510.83333333333
12069,"Lake",2023-09-03,3,421
12069,"Lake",2023-09-04,194.25,318.916666666667
12069,"Lake",2023-09-05,533,127.416666666667
12069,"Lake",2023-09-06,47.5,243.416666666667
12069,"Lake",2023-09-07,79.25,258.25
12069,"Lake",2023-09-08,91.75,219.916666666667
12069,"Lake",2023-09-09,513.25,72.8333333333333
12069,"Lake",2023-09-10,71,228.083333333333
12069,"Lake",2023-09-11,179.5,225.333333333333
12069,"Lake",2023-09-12,887.75,254.583333333333
12069,"Lake",2023-09-13,823.25,379.416666666667
12071,"Lee",2023-08-24,2440.25,NA
12071,"Lee",2023-08-25,550.25,2440.25
12071,"Lee",2023-08-26,199.25,1495.25
12071,"Lee",2023-08-27,1670.75,1063.25
12071,"Lee",2023-08-28,9248.5,806.75
12071,"Lee",2023-08-29,5048.5,3706.16666666667
12071,"Lee",2023-08-30,28525.75,5322.58333333333
12071,"Lee",2023-08-31,12726,14274.25
12071,"Lee",2023-09-01,8364.75,15433.4166666667
12071,"Lee",2023-09-02,5533.25,16538.8333333333
12071,"Lee",2023-09-03,3274.75,8874.66666666667
12071,"Lee",2023-09-04,1082.5,5724.25
12071,"Lee",2023-09-05,1215.5,3296.83333333333
12071,"Lee",2023-09-06,2558.25,1857.58333333333
12071,"Lee",2023-09-07,4297,1618.75
12071,"Lee",2023-09-08,2812.75,2690.25
12071,"Lee",2023-09-09,1655.25,3222.66666666667
12071,"Lee",2023-09-10,1728.5,2921.66666666667
12071,"Lee",2023-09-11,1375.25,2065.5
12071,"Lee",2023-09-12,902.5,1586.33333333333
12071,"Lee",2023-09-13,1295.75,1335.41666666667
12073,"Leon",2023-08-24,2187.5,NA
12073,"Leon",2023-08-25,345.75,2187.5
12073,"Leon",2023-08-26,18938.5,1266.625
12073,"Leon",2023-08-27,529,7157.25
12073,"Leon",2023-08-28,4594,6604.41666666667
12073,"Leon",2023-08-29,2904.75,8020.5
12073,"Leon",2023-08-30,454539.5,2675.91666666667
12073,"Leon",2023-08-31,267282.5,154012.75
12073,"Leon",2023-09-01,23376.5,241575.583333333
12073,"Leon",2023-09-02,1417.75,248399.5
12073,"Leon",2023-09-03,2063,97358.9166666667
12073,"Leon",2023-09-04,684.5,8952.41666666667
12073,"Leon",2023-09-05,393.75,1388.41666666667
12073,"Leon",2023-09-06,347.75,1047.08333333333
12073,"Leon",2023-09-07,6214.25,475.333333333333
12073,"Leon",2023-09-08,47027,2318.58333333333
12073,"Leon",2023-09-09,759.5,17863
12073,"Leon",2023-09-10,156.75,18000.25
12073,"Leon",2023-09-11,5348.25,15981.0833333333
12073,"Leon",2023-09-12,4478.75,2088.16666666667
12073,"Leon",2023-09-13,379.5,3327.91666666667
12075,"Levy",2023-08-24,90.25,NA
12075,"Levy",2023-08-25,33.5,90.25
12075,"Levy",2023-08-26,6,61.875
12075,"Levy",2023-08-27,14.75,43.25
12075,"Levy",2023-08-28,187.25,18.0833333333333
12075,"Levy",2023-08-29,716.75,69.3333333333333
12075,"Levy",2023-08-30,146016.5,306.25
12075,"Levy",2023-08-31,180977.5,48973.5
12075,"Levy",2023-09-01,56130.5,109236.916666667
12075,"Levy",2023-09-02,5737,127708.166666667
12075,"Levy",2023-09-03,866,80948.3333333333
12075,"Levy",2023-09-04,43.5,20911.1666666667
12075,"Levy",2023-09-05,158.75,2215.5
12075,"Levy",2023-09-06,349.75,356.083333333333
12075,"Levy",2023-09-07,130.25,184
12075,"Levy",2023-09-08,41.5,212.916666666667
12075,"Levy",2023-09-09,22.75,173.833333333333
12075,"Levy",2023-09-10,30,64.8333333333333
12075,"Levy",2023-09-11,109.25,31.4166666666667
12075,"Levy",2023-09-12,38.5,54
12075,"Levy",2023-09-13,81.5,59.25
12077,"Liberty",2023-08-25,0.5,NA
12077,"Liberty",2023-08-26,104.75,0.5
12077,"Liberty",2023-08-27,18.5,52.625
12077,"Liberty",2023-08-28,3.25,41.25
12077,"Liberty",2023-08-29,385,42.1666666666667
12077,"Liberty",2023-08-30,260,135.583333333333
12077,"Liberty",2023-08-31,74.75,216.083333333333
12077,"Liberty",2023-09-02,0.5,239.916666666667
12077,"Liberty",2023-09-06,0.75,111.75
12077,"Liberty",2023-09-07,7,25.3333333333333
12077,"Liberty",2023-09-08,51.75,2.75
12077,"Liberty",2023-09-10,1.5,19.8333333333333
12077,"Liberty",2023-09-12,6.25,20.0833333333333
12077,"Liberty",2023-09-13,2,19.8333333333333
12079,"Madison",2023-08-24,492.5,NA
12079,"Madison",2023-08-25,480,492.5
12079,"Madison",2023-08-26,1494.75,486.25
12079,"Madison",2023-08-27,82.5,822.416666666667
12079,"Madison",2023-08-28,2.75,685.75
12079,"Madison",2023-08-29,144.75,526.666666666667
12079,"Madison",2023-08-30,109671,76.6666666666667
12079,"Madison",2023-08-31,254061,36606.1666666667
12079,"Madison",2023-09-01,296042.25,121292.25
12079,"Madison",2023-09-02,278571.25,219924.75
12079,"Madison",2023-09-03,147239,276224.833333333
12079,"Madison",2023-09-04,110440,240617.5
12079,"Madison",2023-09-05,79044.25,178750.083333333
12079,"Madison",2023-09-06,44873,112241.083333333
12079,"Madison",2023-09-07,11507,78119.0833333333
12079,"Madison",2023-09-08,3727,45141.4166666667
12079,"Madison",2023-09-09,196.25,20035.6666666667
12079,"Madison",2023-09-10,42.75,5143.41666666667
12079,"Madison",2023-09-11,17.5,1322
12079,"Madison",2023-09-12,339.75,85.5
12079,"Madison",2023-09-13,127.25,133.333333333333
12081,"Manatee",2023-08-24,3482.25,NA
12081,"Manatee",2023-08-25,1948.5,3482.25
12081,"Manatee",2023-08-26,1910,2715.375
12081,"Manatee",2023-08-27,30883.75,2446.91666666667
12081,"Manatee",2023-08-28,527,11580.75
12081,"Manatee",2023-08-29,1343.25,11106.9166666667
12081,"Manatee",2023-08-30,63506.75,10918
12081,"Manatee",2023-08-31,10761,21792.3333333333
12081,"Manatee",2023-09-01,1869.25,25203.6666666667
12081,"Manatee",2023-09-02,760.75,25379
12081,"Manatee",2023-09-03,127.75,4463.66666666667
12081,"Manatee",2023-09-04,164.25,919.25
12081,"Manatee",2023-09-05,4127,350.916666666667
12081,"Manatee",2023-09-06,769.75,1473
12081,"Manatee",2023-09-07,166.75,1687
12081,"Manatee",2023-09-08,1159.75,1687.83333333333
12081,"Manatee",2023-09-09,341.75,698.75
12081,"Manatee",2023-09-10,188,556.083333333333
12081,"Manatee",2023-09-11,345.5,563.166666666667
12081,"Manatee",2023-09-12,195,291.75
12081,"Manatee",2023-09-13,419,242.833333333333
12083,"Marion",2023-08-24,424.75,NA
12083,"Marion",2023-08-25,625,424.75
12083,"Marion",2023-08-26,93,524.875
12083,"Marion",2023-08-27,134,380.916666666667
12083,"Marion",2023-08-28,3924.75,284
12083,"Marion",2023-08-29,3322.25,1383.91666666667
12083,"Marion",2023-08-30,41358,2460.33333333333
12083,"Marion",2023-08-31,9964.5,16201.6666666667
12083,"Marion",2023-09-01,787.75,18214.9166666667
12083,"Marion",2023-09-02,1562.5,17370.0833333333
12083,"Marion",2023-09-03,112.25,4104.91666666667
12083,"Marion",2023-09-04,859.25,820.833333333333
12083,"Marion",2023-09-05,232.25,844.666666666667
12083,"Marion",2023-09-06,1133,401.25
12083,"Marion",2023-09-07,69.5,741.5
12083,"Marion",2023-09-08,499.25,478.25
12083,"Marion",2023-09-09,88.75,567.25
12083,"Marion",2023-09-10,893.5,219.166666666667
12083,"Marion",2023-09-11,2316.5,493.833333333333
12083,"Marion",2023-09-12,18973,1099.58333333333
12083,"Marion",2023-09-13,1281.25,7394.33333333333
12085,"Martin",2023-08-24,1215.75,NA
12085,"Martin",2023-08-25,16.5,1215.75
12085,"Martin",2023-08-26,76.5,616.125
12085,"Martin",2023-08-27,374,436.25
12085,"Martin",2023-08-28,655.25,155.666666666667
12085,"Martin",2023-08-29,138,368.583333333333
12085,"Martin",2023-08-30,409,389.083333333333
12085,"Martin",2023-08-31,493.25,400.75
12085,"Martin",2023-09-01,95,346.75
12085,"Martin",2023-09-02,321,332.416666666667
12085,"Martin",2023-09-03,2.25,303.083333333333
12085,"Martin",2023-09-04,179.75,139.416666666667
12085,"Martin",2023-09-05,75,167.666666666667
12085,"Martin",2023-09-06,254.5,85.6666666666667
12085,"Martin",2023-09-07,652.75,169.75
12085,"Martin",2023-09-08,879.75,327.416666666667
12085,"Martin",2023-09-10,20.5,595.666666666667
12085,"Martin",2023-09-11,39,517.666666666667
12085,"Martin",2023-09-12,65,313.083333333333
12085,"Martin",2023-09-13,77.25,41.5
12086,"Miami-Dade",2023-08-24,5692,NA
12086,"Miami-Dade",2023-08-25,6224.75,5692
12086,"Miami-Dade",2023-08-26,6247.75,5958.375
12086,"Miami-Dade",2023-08-27,3507.75,6054.83333333333
12086,"Miami-Dade",2023-08-28,3623.5,5326.75
12086,"Miami-Dade",2023-08-29,20870.5,4459.66666666667
12086,"Miami-Dade",2023-08-30,36936.5,9333.91666666667
12086,"Miami-Dade",2023-08-31,19781,20476.8333333333
12086,"Miami-Dade",2023-09-01,14860.5,25862.6666666667
12086,"Miami-Dade",2023-09-02,16422.25,23859.3333333333
12086,"Miami-Dade",2023-09-03,5299,17021.25
12086,"Miami-Dade",2023-09-04,2909.25,12193.9166666667
12086,"Miami-Dade",2023-09-05,3957,8210.16666666667
12086,"Miami-Dade",2023-09-06,4339,4055.08333333333
12086,"Miami-Dade",2023-09-07,4936.75,3735.08333333333
12086,"Miami-Dade",2023-09-08,4679.5,4410.91666666667
12086,"Miami-Dade",2023-09-09,2974.5,4651.75
12086,"Miami-Dade",2023-09-10,5910.5,4196.91666666667
12086,"Miami-Dade",2023-09-11,3480.75,4521.5
12086,"Miami-Dade",2023-09-12,5561,4121.91666666667
12086,"Miami-Dade",2023-09-13,4836.5,4984.08333333333
12087,"Monroe",2023-08-24,1376,NA
12087,"Monroe",2023-08-25,7616,1376
12087,"Monroe",2023-08-26,10.25,4496
12087,"Monroe",2023-08-27,12.75,3000.75
12087,"Monroe",2023-08-28,40,2546.33333333333
12087,"Monroe",2023-08-29,223.75,21
12087,"Monroe",2023-08-30,429.25,92.1666666666667
12087,"Monroe",2023-08-31,980.5,231
12087,"Monroe",2023-09-01,15.5,544.5
12087,"Monroe",2023-09-02,424.25,475.083333333333
12087,"Monroe",2023-09-03,3,473.416666666667
12087,"Monroe",2023-09-04,433.75,147.583333333333
12087,"Monroe",2023-09-05,91.5,287
12087,"Monroe",2023-09-06,63.25,176.083333333333
12087,"Monroe",2023-09-07,25.5,196.166666666667
12087,"Monroe",2023-09-08,1131.25,60.0833333333333
12087,"Monroe",2023-09-09,2.75,406.666666666667
12087,"Monroe",2023-09-10,44.25,386.5
12087,"Monroe",2023-09-11,31,392.75
12087,"Monroe",2023-09-12,37.75,26
12087,"Monroe",2023-09-13,178.75,37.6666666666667
12089,"Nassau",2023-08-24,13,NA
12089,"Nassau",2023-08-25,495.5,13
12089,"Nassau",2023-08-26,211.5,254.25
12089,"Nassau",2023-08-27,35.75,240
12089,"Nassau",2023-08-28,56.25,247.583333333333
12089,"Nassau",2023-08-29,790.5,101.166666666667
12089,"Nassau",2023-08-30,53190.5,294.166666666667
12089,"Nassau",2023-08-31,28105,18012.4166666667
12089,"Nassau",2023-09-01,385.5,27362
12089,"Nassau",2023-09-02,98.5,27227
12089,"Nassau",2023-09-03,1,9529.66666666667
12089,"Nassau",2023-09-04,106,161.666666666667
12089,"Nassau",2023-09-05,17.25,68.5
12089,"Nassau",2023-09-06,44.75,41.4166666666667
12089,"Nassau",2023-09-07,23.75,56
12089,"Nassau",2023-09-08,2,28.5833333333333
12089,"Nassau",2023-09-09,5.75,23.5
12089,"Nassau",2023-09-10,40,10.5
12089,"Nassau",2023-09-11,189.75,15.9166666666667
12089,"Nassau",2023-09-12,46,78.5
12089,"Nassau",2023-09-13,450,91.9166666666667
12091,"Okaloosa",2023-08-24,180.5,NA
12091,"Okaloosa",2023-08-25,1272.25,180.5
12091,"Okaloosa",2023-08-26,76,726.375
12091,"Okaloosa",2023-08-27,111.75,509.583333333333
12091,"Okaloosa",2023-08-28,51,486.666666666667
12091,"Okaloosa",2023-08-29,256.75,79.5833333333333
12091,"Okaloosa",2023-08-30,80.25,139.833333333333
12091,"Okaloosa",2023-08-31,188.75,129.333333333333
12091,"Okaloosa",2023-09-01,512.25,175.25
12091,"Okaloosa",2023-09-02,855.25,260.416666666667
12091,"Okaloosa",2023-09-03,26,518.75
12091,"Okaloosa",2023-09-04,132,464.5
12091,"Okaloosa",2023-09-05,315.75,337.75
12091,"Okaloosa",2023-09-06,13,157.916666666667
12091,"Okaloosa",2023-09-07,42.75,153.583333333333
12091,"Okaloosa",2023-09-08,195.5,123.833333333333
12091,"Okaloosa",2023-09-09,87.25,83.75
12091,"Okaloosa",2023-09-10,31.5,108.5
12091,"Okaloosa",2023-09-11,560,104.75
12091,"Okaloosa",2023-09-12,244.75,226.25
12091,"Okaloosa",2023-09-13,457.5,278.75
12093,"Okeechobee",2023-08-24,20.25,NA
12093,"Okeechobee",2023-08-25,9.25,20.25
12093,"Okeechobee",2023-08-26,3.75,14.75
12093,"Okeechobee",2023-08-28,0.75,11.0833333333333
12093,"Okeechobee",2023-08-29,72.75,4.58333333333333
12093,"Okeechobee",2023-08-30,310.25,25.75
12093,"Okeechobee",2023-08-31,20.5,127.916666666667
12093,"Okeechobee",2023-09-01,41.5,134.5
12093,"Okeechobee",2023-09-02,11.75,124.083333333333
12093,"Okeechobee",2023-09-03,1.5,24.5833333333333
12093,"Okeechobee",2023-09-04,1.25,18.25
12093,"Okeechobee",2023-09-05,12.75,4.83333333333333
12093,"Okeechobee",2023-09-06,1,5.16666666666667
12093,"Okeechobee",2023-09-07,4.25,5
12093,"Okeechobee",2023-09-08,66,6
12093,"Okeechobee",2023-09-09,125,23.75
12093,"Okeechobee",2023-09-10,79.5,65.0833333333333
12093,"Okeechobee",2023-09-11,52,90.1666666666667
12093,"Okeechobee",2023-09-12,0,85.5
12093,"Okeechobee",2023-09-13,134.75,43.8333333333333
12095,"Orange",2023-08-24,1249.25,NA
12095,"Orange",2023-08-25,984.75,1249.25
12095,"Orange",2023-08-26,1614,1117
12095,"Orange",2023-08-27,5010.75,1282.66666666667
12095,"Orange",2023-08-28,2393.75,2536.5
12095,"Orange",2023-08-29,3704.5,3006.16666666667
12095,"Orange",2023-08-30,20876.5,3703
12095,"Orange",2023-08-31,2100.75,8991.58333333333
12095,"Orange",2023-09-01,2951.5,8893.91666666667
12095,"Orange",2023-09-02,125.25,8642.91666666667
12095,"Orange",2023-09-03,16,1725.83333333333
12095,"Orange",2023-09-04,54.25,1030.91666666667
12095,"Orange",2023-09-05,27.25,65.1666666666667
12095,"Orange",2023-09-06,28.5,32.5
12095,"Orange",2023-09-07,97.25,36.6666666666667
12095,"Orange",2023-09-08,180.25,51
12095,"Orange",2023-09-09,1164.75,102
12095,"Orange",2023-09-10,183,480.75
12095,"Orange",2023-09-11,68.5,509.333333333333
12095,"Orange",2023-09-12,7774,472.083333333333
12095,"Orange",2023-09-13,2314.5,2675.16666666667
12097,"Osceola",2023-08-24,224.5,NA
12097,"Osceola",2023-08-25,606.5,224.5
12097,"Osceola",2023-08-26,15.75,415.5
12097,"Osceola",2023-08-27,14.75,282.25
12097,"Osceola",2023-08-28,972.5,212.333333333333
12097,"Osceola",2023-08-29,2520.75,334.333333333333
12097,"Osceola",2023-08-30,899.25,1169.33333333333
12097,"Osceola",2023-08-31,124.25,1464.16666666667
12097,"Osceola",2023-09-01,589,1181.41666666667
12097,"Osceola",2023-09-02,17,537.5
12097,"Osceola",2023-09-03,49.5,243.416666666667
12097,"Osceola",2023-09-04,38.75,218.5
12097,"Osceola",2023-09-05,32.5,35.0833333333333
12097,"Osceola",2023-09-06,98.25,40.25
12097,"Osceola",2023-09-07,294.5,56.5
12097,"Osceola",2023-09-08,666,141.75
12097,"Osceola",2023-09-09,28.75,352.916666666667
12097,"Osceola",2023-09-10,63.75,329.75
12097,"Osceola",2023-09-11,62.5,252.833333333333
12097,"Osceola",2023-09-12,3295,51.6666666666667
12097,"Osceola",2023-09-13,22.25,1140.41666666667
12099,"Palm Beach",2023-08-24,3133,NA
12099,"Palm Beach",2023-08-25,2048.5,3133
12099,"Palm Beach",2023-08-26,1076.75,2590.75
12099,"Palm Beach",2023-08-27,1633.75,2086.08333333333
12099,"Palm Beach",2023-08-28,1217.5,1586.33333333333
12099,"Palm Beach",2023-08-29,2575.25,1309.33333333333
12099,"Palm Beach",2023-08-30,5170.25,1808.83333333333
12099,"Palm Beach",2023-08-31,4477,2987.66666666667
12099,"Palm Beach",2023-09-01,4731.5,4074.16666666667
12099,"Palm Beach",2023-09-02,4349,4792.91666666667
12099,"Palm Beach",2023-09-03,2965.75,4519.16666666667
12099,"Palm Beach",2023-09-04,1645.5,4015.41666666667
12099,"Palm Beach",2023-09-05,5918.25,2986.75
12099,"Palm Beach",2023-09-06,5613.25,3509.83333333333
12099,"Palm Beach",2023-09-07,1918.25,4392.33333333333
12099,"Palm Beach",2023-09-08,931.5,4483.25
12099,"Palm Beach",2023-09-09,2800,2821
12099,"Palm Beach",2023-09-10,3207.5,1883.25
12099,"Palm Beach",2023-09-11,1567.5,2313
12099,"Palm Beach",2023-09-12,1889.25,2525
12099,"Palm Beach",2023-09-13,2331,2221.41666666667
12101,"Pasco",2023-08-24,4899.25,NA
12101,"Pasco",2023-08-25,1644.75,4899.25
12101,"Pasco",2023-08-26,179,3272
12101,"Pasco",2023-08-27,236.75,2241
12101,"Pasco",2023-08-28,104,686.833333333333
12101,"Pasco",2023-08-29,395.5,173.25
12101,"Pasco",2023-08-30,66896.25,245.416666666667
12101,"Pasco",2023-08-31,6967.25,22465.25
12101,"Pasco",2023-09-01,82.75,24753
12101,"Pasco",2023-09-02,38,24648.75
12101,"Pasco",2023-09-03,56.25,2362.66666666667
12101,"Pasco",2023-09-04,171,59
12101,"Pasco",2023-09-05,288,88.4166666666667
12101,"Pasco",2023-09-06,168.75,171.75
12101,"Pasco",2023-09-07,194,209.25
12101,"Pasco",2023-09-08,179.5,216.916666666667
12101,"Pasco",2023-09-09,84,180.75
12101,"Pasco",2023-09-10,60.5,152.5
12101,"Pasco",2023-09-11,12,108
12101,"Pasco",2023-09-12,128.5,52.1666666666667
12101,"Pasco",2023-09-13,949.25,67
12103,"Pinellas",2023-08-24,2739.5,NA
12103,"Pinellas",2023-08-25,1080.75,2739.5
12103,"Pinellas",2023-08-26,3119.75,1910.125
12103,"Pinellas",2023-08-27,2372.5,2313.33333333333
12103,"Pinellas",2023-08-28,1399.75,2191
12103,"Pinellas",2023-08-29,7205.25,2297.33333333333
12103,"Pinellas",2023-08-30,282964,3659.16666666667
12103,"Pinellas",2023-08-31,47285.25,97189.6666666667
12103,"Pinellas",2023-09-01,1478.25,112484.833333333
12103,"Pinellas",2023-09-02,705.5,110575.833333333
12103,"Pinellas",2023-09-03,0.75,16489.6666666667
12103,"Pinellas",2023-09-04,8.75,728.166666666667
12103,"Pinellas",2023-09-05,1.5,238.333333333333
12103,"Pinellas",2023-09-06,0.75,3.66666666666667
12103,"Pinellas",2023-09-07,6,3.66666666666667
12103,"Pinellas",2023-09-08,0,2.75
12103,"Pinellas",2023-09-10,0.25,2.25
12103,"Pinellas",2023-09-11,4,2.08333333333333
12103,"Pinellas",2023-09-12,0.5,1.41666666666667
12103,"Pinellas",2023-09-13,876.25,1.58333333333333
12105,"Polk",2023-08-24,565.75,NA
12105,"Polk",2023-08-25,257.5,565.75
12105,"Polk",2023-08-26,688.5,411.625
12105,"Polk",2023-08-27,841.25,503.916666666667
12105,"Polk",2023-08-28,4088,595.75
12105,"Polk",2023-08-29,1441.75,1872.58333333333
12105,"Polk",2023-08-30,10361.5,2123.66666666667
12105,"Polk",2023-08-31,396.75,5297.08333333333
12105,"Polk",2023-09-01,1220.25,4066.66666666667
12105,"Polk",2023-09-02,686.75,3992.83333333333
12105,"Polk",2023-09-03,204.5,767.916666666667
12105,"Polk",2023-09-04,65.75,703.833333333333
12105,"Polk",2023-09-05,131.75,319
12105,"Polk",2023-09-06,69.5,134
12105,"Polk",2023-09-07,42.5,89
12105,"Polk",2023-09-08,747.5,81.25
12105,"Polk",2023-09-09,142.25,286.5
12105,"Polk",2023-09-10,103.5,310.75
12105,"Polk",2023-09-11,164.75,331.083333333333
12105,"Polk",2023-09-12,4266.75,136.833333333333
12105,"Polk",2023-09-13,970.25,1511.66666666667
12107,"Putnam",2023-08-24,22.25,NA
12107,"Putnam",2023-08-25,15.75,22.25
12107,"Putnam",2023-08-26,327,19
12107,"Putnam",2023-08-27,6,121.666666666667
12107,"Putnam",2023-08-28,39.5,116.25
12107,"Putnam",2023-08-29,1047.5,124.166666666667
12107,"Putnam",2023-08-30,20982.25,364.333333333333
12107,"Putnam",2023-08-31,3414.5,7356.41666666667
12107,"Putnam",2023-09-01,269.25,8481.41666666667
12107,"Putnam",2023-09-02,12.25,8222
12107,"Putnam",2023-09-03,35.5,1232
12107,"Putnam",2023-09-04,10,105.666666666667
12107,"Putnam",2023-09-05,253,19.25
12107,"Putnam",2023-09-06,12.25,99.5
12107,"Putnam",2023-09-07,222.25,91.75
12107,"Putnam",2023-09-08,2037,162.5
12107,"Putnam",2023-09-09,120.5,757.166666666667
12107,"Putnam",2023-09-10,7.25,793.25
12107,"Putnam",2023-09-11,5706.5,721.583333333333
12107,"Putnam",2023-09-12,9370.75,1944.75
12107,"Putnam",2023-09-13,165.25,5028.16666666667
12113,"Santa Rosa",2023-08-24,41,NA
12113,"Santa Rosa",2023-08-25,205.25,41
12113,"Santa Rosa",2023-08-26,37,123.125
12113,"Santa Rosa",2023-08-27,780.75,94.4166666666667
12113,"Santa Rosa",2023-08-28,813.25,341
12113,"Santa Rosa",2023-08-29,447.5,543.666666666667
12113,"Santa Rosa",2023-08-30,16.5,680.5
12113,"Santa Rosa",2023-08-31,43.25,425.75
12113,"Santa Rosa",2023-09-01,344.5,169.083333333333
12113,"Santa Rosa",2023-09-02,53.75,134.75
12113,"Santa Rosa",2023-09-03,18.75,147.166666666667
12113,"Santa Rosa",2023-09-04,26.25,139
12113,"Santa Rosa",2023-09-05,5.75,32.9166666666667
12113,"Santa Rosa",2023-09-06,22,16.9166666666667
12113,"Santa Rosa",2023-09-07,445.5,18
12113,"Santa Rosa",2023-09-08,40,157.75
12113,"Santa Rosa",2023-09-09,245.25,169.166666666667
12113,"Santa Rosa",2023-09-10,55.5,243.583333333333
12113,"Santa Rosa",2023-09-11,32.5,113.583333333333
12113,"Santa Rosa",2023-09-12,36.5,111.083333333333
12113,"Santa Rosa",2023-09-13,779.25,41.5
12115,"Sarasota",2023-08-24,288.5,NA
12115,"Sarasota",2023-08-25,352.75,288.5
12115,"Sarasota",2023-08-26,328.5,320.625
12115,"Sarasota",2023-08-27,385,323.25
12115,"Sarasota",2023-08-28,860.25,355.416666666667
12115,"Sarasota",2023-08-29,1837.75,524.583333333333
12115,"Sarasota",2023-08-30,132295.5,1027.66666666667
12115,"Sarasota",2023-08-31,13638.75,44997.8333333333
12115,"Sarasota",2023-09-01,1792.75,49257.3333333333
12115,"Sarasota",2023-09-02,528.5,49242.3333333333
12115,"Sarasota",2023-09-03,646.25,5320
12115,"Sarasota",2023-09-04,170.25,989.166666666667
12115,"Sarasota",2023-09-05,651,448.333333333333
12115,"Sarasota",2023-09-06,518.25,489.166666666667
12115,"Sarasota",2023-09-07,505.5,446.5
12115,"Sarasota",2023-09-08,1347.75,558.25
12115,"Sarasota",2023-09-09,581,790.5
12115,"Sarasota",2023-09-10,169.5,811.416666666667
12115,"Sarasota",2023-09-11,518,699.416666666667
12115,"Sarasota",2023-09-12,367.25,422.833333333333
12115,"Sarasota",2023-09-13,1287.5,351.583333333333
12117,"Seminole",2023-08-24,607.25,NA
12117,"Seminole",2023-08-25,593.25,607.25
12117,"Seminole",2023-08-26,343.75,600.25
12117,"Seminole",2023-08-27,1292,514.75
12117,"Seminole",2023-08-28,229,743
12117,"Seminole",2023-08-29,1462,621.583333333333
12117,"Seminole",2023-08-30,4716,994.333333333333
12117,"Seminole",2023-08-31,203.25,2135.66666666667
12117,"Seminole",2023-09-01,2068.75,2127.08333333333
12117,"Seminole",2023-09-02,1.5,2329.33333333333
12117,"Seminole",2023-09-03,1.75,757.833333333333
12117,"Seminole",2023-09-04,17.5,690.666666666667
12117,"Seminole",2023-09-05,3,6.91666666666667
12117,"Seminole",2023-09-06,880.75,7.41666666666667
12117,"Seminole",2023-09-07,192.25,300.416666666667
12117,"Seminole",2023-09-08,726,358.666666666667
12117,"Seminole",2023-09-09,194,599.666666666667
12117,"Seminole",2023-09-10,139.25,370.75
12117,"Seminole",2023-09-11,18.25,353.083333333333
12117,"Seminole",2023-09-12,4257.75,117.166666666667
12117,"Seminole",2023-09-13,736.75,1471.75
12109,"St. Johns",2023-08-24,394.5,NA
12109,"St. Johns",2023-08-25,103.5,394.5
12109,"St. Johns",2023-08-26,6,249
12109,"St. Johns",2023-08-27,91.5,168
12109,"St. Johns",2023-08-28,450.25,67
12109,"St. Johns",2023-08-29,198,182.583333333333
12109,"St. Johns",2023-08-30,17948,246.583333333333
12109,"St. Johns",2023-08-31,1302.25,6198.75
12109,"St. Johns",2023-09-01,922.75,6482.75
12109,"St. Johns",2023-09-02,414.75,6724.33333333333
12109,"St. Johns",2023-09-03,601,879.916666666667
12109,"St. Johns",2023-09-04,28.25,646.166666666667
12109,"St. Johns",2023-09-05,78.5,348
12109,"St. Johns",2023-09-06,258.75,235.916666666667
12109,"St. Johns",2023-09-07,45.25,121.833333333333
12109,"St. Johns",2023-09-08,200.25,127.5
12109,"St. Johns",2023-09-09,127.25,168.083333333333
12109,"St. Johns",2023-09-10,181.25,124.25
12109,"St. Johns",2023-09-11,1077,169.583333333333
12109,"St. Johns",2023-09-12,1144.25,461.833333333333
12109,"St. Johns",2023-09-13,140.5,800.833333333333
12111,"St. Lucie",2023-08-24,1066.25,NA
12111,"St. Lucie",2023-08-25,85.5,1066.25
12111,"St. Lucie",2023-08-26,25,575.875
12111,"St. Lucie",2023-08-27,204,392.25
12111,"St. Lucie",2023-08-28,843.75,104.833333333333
12111,"St. Lucie",2023-08-29,370.5,357.583333333333
12111,"St. Lucie",2023-08-30,2334.25,472.75
12111,"St. Lucie",2023-08-31,332.25,1182.83333333333
12111,"St. Lucie",2023-09-01,2281.25,1012.33333333333
12111,"St. Lucie",2023-09-02,41.75,1649.25
12111,"St. Lucie",2023-09-03,30,885.083333333333
12111,"St. Lucie",2023-09-04,67.25,784.333333333333
12111,"St. Lucie",2023-09-05,293,46.3333333333333
12111,"St. Lucie",2023-09-06,2124.75,130.083333333333
12111,"St. Lucie",2023-09-07,1007.25,828.333333333333
12111,"St. Lucie",2023-09-08,973.75,1141.66666666667
12111,"St. Lucie",2023-09-09,112.25,1368.58333333333
12111,"St. Lucie",2023-09-10,303.25,697.75
12111,"St. Lucie",2023-09-11,216,463.083333333333
12111,"St. Lucie",2023-09-12,164,210.5
12111,"St. Lucie",2023-09-13,634.5,227.75
12119,"Sumter",2023-08-24,64.5,NA
12119,"Sumter",2023-08-25,7,64.5
12119,"Sumter",2023-08-26,79.5,35.75
12119,"Sumter",2023-08-27,242.75,50.3333333333333
12119,"Sumter",2023-08-28,135.5,109.75
12119,"Sumter",2023-08-29,2837.75,152.583333333333
12119,"Sumter",2023-08-30,461.25,1072
12119,"Sumter",2023-08-31,139.75,1144.83333333333
12119,"Sumter",2023-09-01,1701.25,1146.25
12119,"Sumter",2023-09-02,284.25,767.416666666667
12119,"Sumter",2023-09-03,91,708.416666666667
12119,"Sumter",2023-09-04,13,692.166666666667
12119,"Sumter",2023-09-05,54,129.416666666667
12119,"Sumter",2023-09-06,7.25,52.6666666666667
12119,"Sumter",2023-09-07,94.75,24.75
12119,"Sumter",2023-09-08,379.75,52
12119,"Sumter",2023-09-09,23.25,160.583333333333
12119,"Sumter",2023-09-10,713.25,165.916666666667
12119,"Sumter",2023-09-11,422,372.083333333333
12119,"Sumter",2023-09-12,17.5,386.166666666667
12119,"Sumter",2023-09-13,441.75,384.25
12121,"Suwannee",2023-08-24,20.25,NA
12121,"Suwannee",2023-08-25,26.5,20.25
12121,"Suwannee",2023-08-26,831,23.375
12121,"Suwannee",2023-08-27,217.5,292.583333333333
12121,"Suwannee",2023-08-28,776.25,358.333333333333
12121,"Suwannee",2023-08-29,289.75,608.25
12121,"Suwannee",2023-08-30,270549.5,427.833333333333
12121,"Suwannee",2023-08-31,540738.5,90538.5
12121,"Suwannee",2023-09-01,457478.5,270525.916666667
12121,"Suwannee",2023-09-02,355644.25,422922.166666667
12121,"Suwannee",2023-09-03,284560.5,451287.083333333
12121,"Suwannee",2023-09-04,206431.75,365894.416666667
12121,"Suwannee",2023-09-05,144311.75,282212.166666667
12121,"Suwannee",2023-09-06,97050,211768
12121,"Suwannee",2023-09-07,42105.5,149264.5
12121,"Suwannee",2023-09-08,17266.5,94489.0833333333
12121,"Suwannee",2023-09-09,7086.5,52140.6666666667
12121,"Suwannee",2023-09-10,4342.25,22152.8333333333
12121,"Suwannee",2023-09-11,2107,9565.08333333333
12121,"Suwannee",2023-09-12,1236.5,4511.91666666667
12121,"Suwannee",2023-09-13,729.75,2561.91666666667
12123,"Taylor",2023-08-24,47.5,NA
12123,"Taylor",2023-08-25,4,47.5
12123,"Taylor",2023-08-26,504.5,25.75
12123,"Taylor",2023-08-27,27,185.333333333333
12123,"Taylor",2023-08-28,16.5,178.5
12123,"Taylor",2023-08-29,115.75,182.666666666667
12123,"Taylor",2023-08-30,144964.5,53.0833333333333
12123,"Taylor",2023-08-31,289495.25,48365.5833333333
12123,"Taylor",2023-09-01,270096.75,144858.5
12123,"Taylor",2023-09-02,194744.5,234852.166666667
12123,"Taylor",2023-09-03,136052.75,251445.5
12123,"Taylor",2023-09-04,117781.5,200298
12123,"Taylor",2023-09-05,85320.5,149526.25
12123,"Taylor",2023-09-06,49521,113051.583333333
12123,"Taylor",2023-09-07,32508.75,84207.6666666667
12123,"Taylor",2023-09-08,11073.25,55783.4166666667
12123,"Taylor",2023-09-09,351,31034.3333333333
12123,"Taylor",2023-09-10,77.75,14644.3333333333
12123,"Taylor",2023-09-11,66.5,3834
12123,"Taylor",2023-09-12,508.75,165.083333333333
12123,"Taylor",2023-09-13,693.5,217.666666666667
12125,"Union",2023-08-24,19,NA
12125,"Union",2023-08-26,0,19
12125,"Union",2023-08-27,0.5,9.5
12125,"Union",2023-08-28,1.75,6.5
12125,"Union",2023-08-30,17229.5,0.75
12125,"Union",2023-08-31,16755.75,5743.91666666667
12125,"Union",2023-09-01,764.5,11329
12125,"Union",2023-09-02,5.5,11583.25
12125,"Union",2023-09-03,0,5841.91666666667
12125,"Union",2023-09-05,25,256.666666666667
12125,"Union",2023-09-11,5.25,10.1666666666667
12125,"Union",2023-09-12,18.5,10.0833333333333
12125,"Union",2023-09-13,35,16.25
12127,"Volusia",2023-08-24,1989.75,NA
12127,"Volusia",2023-08-25,260.5,1989.75
12127,"Volusia",2023-08-26,2475.5,1125.125
12127,"Volusia",2023-08-27,129.5,1575.25
12127,"Volusia",2023-08-28,161.25,955.166666666667
12127,"Volusia",2023-08-29,975.75,922.083333333333
12127,"Volusia",2023-08-30,12330.75,422.166666666667
12127,"Volusia",2023-08-31,1291.5,4489.25
12127,"Volusia",2023-09-01,648.5,4866
12127,"Volusia",2023-09-02,432.25,4756.91666666667
12127,"Volusia",2023-09-03,23.25,790.75
12127,"Volusia",2023-09-04,72.25,368
12127,"Volusia",2023-09-05,279.25,175.916666666667
12127,"Volusia",2023-09-06,60,124.916666666667
12127,"Volusia",2023-09-07,193,137.166666666667
12127,"Volusia",2023-09-08,1540.25,177.416666666667
12127,"Volusia",2023-09-09,423,597.75
12127,"Volusia",2023-09-10,516.5,718.75
12127,"Volusia",2023-09-11,337.5,826.583333333333
12127,"Volusia",2023-09-12,373.75,425.666666666667
12127,"Volusia",2023-09-13,1395.75,409.25
12129,"Wakulla",2023-08-24,12.25,NA
12129,"Wakulla",2023-08-25,41,12.25
12129,"Wakulla",2023-08-26,1680.25,26.625
12129,"Wakulla",2023-08-27,3.25,577.833333333333
12129,"Wakulla",2023-08-28,18.25,574.833333333333
12129,"Wakulla",2023-08-29,3682,567.25
12129,"Wakulla",2023-08-30,118971.5,1234.5
12129,"Wakulla",2023-08-31,56007,40890.5833333333
12129,"Wakulla",2023-09-01,638.75,59553.5
12129,"Wakulla",2023-09-02,16.75,58539.0833333333
12129,"Wakulla",2023-09-03,34.5,18887.5
12129,"Wakulla",2023-09-04,22.5,230
12129,"Wakulla",2023-09-05,4.75,24.5833333333333
12129,"Wakulla",2023-09-06,4.25,20.5833333333333
12129,"Wakulla",2023-09-07,442.5,10.5
12129,"Wakulla",2023-09-08,16891,150.5
12129,"Wakulla",2023-09-09,766.25,5779.25
12129,"Wakulla",2023-09-10,27.75,6033.25
12129,"Wakulla",2023-09-11,12,5895
12129,"Wakulla",2023-09-12,73,268.666666666667
12129,"Wakulla",2023-09-13,26,37.5833333333333
12131,"Walton",2023-08-24,187.5,NA
12131,"Walton",2023-08-25,6.75,187.5
12131,"Walton",2023-08-26,3.75,97.125
12131,"Walton",2023-08-27,424.25,66
12131,"Walton",2023-08-28,2152.25,144.916666666667
12131,"Walton",2023-08-29,1597,860.083333333333
12131,"Walton",2023-08-30,374.5,1391.16666666667
12131,"Walton",2023-08-31,188.5,1374.58333333333
12131,"Walton",2023-09-01,9.75,720
12131,"Walton",2023-09-02,46.25,190.916666666667
12131,"Walton",2023-09-03,25.5,81.5
12131,"Walton",2023-09-04,0.75,27.1666666666667
12131,"Walton",2023-09-05,57.75,24.1666666666667
12131,"Walton",2023-09-06,556.75,28
12131,"Walton",2023-09-07,42,205.083333333333
12131,"Walton",2023-09-08,111.25,218.833333333333
12131,"Walton",2023-09-09,2126,236.666666666667
12131,"Walton",2023-09-10,5.75,759.75
12131,"Walton",2023-09-11,199.25,747.666666666667
12131,"Walton",2023-09-12,7,777
12131,"Walton",2023-09-13,1898.5,70.6666666666667
12133,"Washington",2023-08-24,54,NA
12133,"Washington",2023-08-25,7,54
12133,"Washington",2023-08-26,14,30.5
12133,"Washington",2023-08-27,2.5,25
12133,"Washington",2023-08-28,296,7.83333333333333
12133,"Washington",2023-08-29,149.75,104.166666666667
12133,"Washington",2023-08-30,1,149.416666666667
12133,"Washington",2023-08-31,165,148.916666666667
12133,"Washington",2023-09-01,198.25,105.25
12133,"Washington",2023-09-02,128.5,121.416666666667
12133,"Washington",2023-09-03,60.25,163.916666666667
12133,"Washington",2023-09-04,30.25,129
12133,"Washington",2023-09-05,109.5,73
12133,"Washington",2023-09-06,26.75,66.6666666666667
12133,"Washington",2023-09-07,82.5,55.5
12133,"Washington",2023-09-08,1.5,72.9166666666667
12133,"Washington",2023-09-09,1,36.9166666666667
12133,"Washington",2023-09-12,7.5,28.3333333333333
12133,"Washington",2023-09-13,10.5,3.33333333333333
