"fips_code","county","date","total_outage","prev_outage"
12001,"Alachua",2022-09-24,168.75,NA
12001,"Alachua",2022-09-25,61.25,168.75
12001,"Alachua",2022-09-26,81,61.25
12001,"Alachua",2022-09-27,153,81
12001,"Alachua",2022-09-28,1459.25,153
12001,"Alachua",2022-09-29,105062,1459.25
12001,"Alachua",2022-09-30,12626.75,105062
12001,"Alachua",2022-10-01,304.5,12626.75
12001,"Alachua",2022-10-02,119.75,304.5
12001,"Alachua",2022-10-03,280,119.75
12001,"Alachua",2022-10-04,464.5,280
12001,"Alachua",2022-10-05,42.5,464.5
12001,"Alachua",2022-10-06,132.5,42.5
12001,"Alachua",2022-10-07,348,132.5
12001,"Alachua",2022-10-08,96.75,348
12001,"Alachua",2022-10-09,1814.5,96.75
12001,"Alachua",2022-10-10,131.75,1814.5
12001,"Alachua",2022-10-11,1781,131.75
12001,"Alachua",2022-10-12,142.75,1781
12003,"Baker",2022-09-24,1,NA
12003,"Baker",2022-09-25,23.25,1
12003,"Baker",2022-09-26,0.5,23.25
12003,"Baker",2022-09-27,2.5,0.5
12003,"Baker",2022-09-28,465.75,2.5
12003,"Baker",2022-09-29,9311,465.75
12003,"Baker",2022-09-30,3340.75,9311
12003,"Baker",2022-10-01,40.25,3340.75
12003,"Baker",2022-10-02,106,40.25
12003,"Baker",2022-10-03,2.75,106
12003,"Baker",2022-10-04,43,2.75
12003,"Baker",2022-10-05,142.75,43
12003,"Baker",2022-10-06,74,142.75
12003,"Baker",2022-10-07,9.5,74
12003,"Baker",2022-10-08,370.25,9.5
12003,"Baker",2022-10-09,2.5,370.25
12003,"Baker",2022-10-10,18.75,2.5
12003,"Baker",2022-10-11,8.25,18.75
12003,"Baker",2022-10-12,0.5,8.25
12005,"Bay",2022-09-24,13044,NA
12005,"Bay",2022-09-25,28.5,13044
12005,"Bay",2022-09-26,194.75,28.5
12005,"Bay",2022-09-27,262.75,194.75
12005,"Bay",2022-09-28,766.25,262.75
12005,"Bay",2022-09-29,6.75,766.25
12005,"Bay",2022-09-30,434.75,6.75
12005,"Bay",2022-10-01,6,434.75
12005,"Bay",2022-10-02,232,6
12005,"Bay",2022-10-03,28,232
12005,"Bay",2022-10-04,738.75,28
12005,"Bay",2022-10-05,93.5,738.75
12005,"Bay",2022-10-06,608.75,93.5
12005,"Bay",2022-10-07,1746.5,608.75
12005,"Bay",2022-10-08,11.25,1746.5
12005,"Bay",2022-10-09,466.75,11.25
12005,"Bay",2022-10-10,76,466.75
12005,"Bay",2022-10-11,37.75,76
12005,"Bay",2022-10-12,277.5,37.75
12007,"Bradford",2022-09-24,450,NA
12007,"Bradford",2022-09-25,1.75,450
12007,"Bradford",2022-09-26,17,1.75
12007,"Bradford",2022-09-27,0,17
12007,"Bradford",2022-09-28,130,0
12007,"Bradford",2022-09-29,2523.25,130
12007,"Bradford",2022-09-30,449.5,2523.25
12007,"Bradford",2022-10-01,2.25,449.5
12007,"Bradford",2022-10-02,17.75,2.25
12007,"Bradford",2022-10-04,1.5,17.75
12007,"Bradford",2022-10-06,5,1.5
12007,"Bradford",2022-10-07,2,5
12007,"Bradford",2022-10-08,4,2
12007,"Bradford",2022-10-09,7.75,4
12007,"Bradford",2022-10-10,2.5,7.75
12007,"Bradford",2022-10-11,58,2.5
12007,"Bradford",2022-10-12,2,58
12009,"Brevard",2022-09-24,1896.25,NA
12009,"Brevard",2022-09-25,108.25,1896.25
12009,"Brevard",2022-09-26,507.25,108.25
12009,"Brevard",2022-09-27,360.75,507.25
12009,"Brevard",2022-09-28,48920.25,360.75
12009,"Brevard",2022-09-29,1119944.5,48920.25
12009,"Brevard",2022-09-30,1366076.5,1119944.5
12009,"Brevard",2022-10-01,585238,1366076.5
12009,"Brevard",2022-10-02,54432.5,585238
12009,"Brevard",2022-10-03,17242.75,54432.5
12009,"Brevard",2022-10-04,5545.5,17242.75
12009,"Brevard",2022-10-05,5759,5545.5
12009,"Brevard",2022-10-06,3541.75,5759
12009,"Brevard",2022-10-07,2465,3541.75
12009,"Brevard",2022-10-08,2255.5,2465
12009,"Brevard",2022-10-09,1482.5,2255.5
12009,"Brevard",2022-10-10,4013.25,1482.5
12009,"Brevard",2022-10-11,4823,4013.25
12009,"Brevard",2022-10-12,3186.5,4823
12011,"Broward",2022-09-24,1944.5,NA
12011,"Broward",2022-09-25,2696.25,1944.5
12011,"Broward",2022-09-26,5695.75,2696.25
12011,"Broward",2022-09-27,5286,5695.75
12011,"Broward",2022-09-28,206393.75,5286
12011,"Broward",2022-09-29,89103,206393.75
12011,"Broward",2022-09-30,8265.5,89103
12011,"Broward",2022-10-01,4909.25,8265.5
12011,"Broward",2022-10-02,1422.25,4909.25
12011,"Broward",2022-10-03,1963.5,1422.25
12011,"Broward",2022-10-04,4027.25,1963.5
12011,"Broward",2022-10-05,4820.5,4027.25
12011,"Broward",2022-10-06,4611.25,4820.5
12011,"Broward",2022-10-07,3866.5,4611.25
12011,"Broward",2022-10-08,2850.75,3866.5
12011,"Broward",2022-10-09,6396.75,2850.75
12011,"Broward",2022-10-10,9387,6396.75
12011,"Broward",2022-10-11,4666.75,9387
12011,"Broward",2022-10-12,2132.25,4666.75
12013,"Calhoun",2022-09-24,0,NA
12013,"Calhoun",2022-09-25,3,0
12013,"Calhoun",2022-09-26,0.5,3
12013,"Calhoun",2022-09-27,0,0.5
12013,"Calhoun",2022-09-28,2.75,0
12013,"Calhoun",2022-09-29,1,2.75
12013,"Calhoun",2022-09-30,0,1
12013,"Calhoun",2022-10-01,0,0
12013,"Calhoun",2022-10-02,0,0
12013,"Calhoun",2022-10-03,0,0
12013,"Calhoun",2022-10-04,1,0
12013,"Calhoun",2022-10-05,0,1
12013,"Calhoun",2022-10-06,0,0
12013,"Calhoun",2022-10-07,0,0
12013,"Calhoun",2022-10-08,0,0
12013,"Calhoun",2022-10-09,0,0
12013,"Calhoun",2022-10-10,0.5,0
12013,"Calhoun",2022-10-11,0,0.5
12013,"Calhoun",2022-10-12,0,0
12015,"Charlotte",2022-09-24,48.5,NA
12015,"Charlotte",2022-09-25,75.5,48.5
12015,"Charlotte",2022-09-26,546,75.5
12015,"Charlotte",2022-09-27,414.75,546
12015,"Charlotte",2022-09-28,767366.25,414.75
12015,"Charlotte",2022-09-29,2630697,767366.25
12015,"Charlotte",2022-09-30,2585900,2630697
12015,"Charlotte",2022-10-01,2320858.75,2585900
12015,"Charlotte",2022-10-02,1881522.25,2320858.75
12015,"Charlotte",2022-10-03,1786008,1881522.25
12015,"Charlotte",2022-10-04,1745694.5,1786008
12015,"Charlotte",2022-10-05,1458499.5,1745694.5
12015,"Charlotte",2022-10-06,1012117.5,1458499.5
12015,"Charlotte",2022-10-07,533054.25,1012117.5
12015,"Charlotte",2022-10-08,78969.5,533054.25
12015,"Charlotte",2022-10-09,1377,78969.5
12015,"Charlotte",2022-10-10,645.5,1377
12015,"Charlotte",2022-10-11,493.75,645.5
12015,"Charlotte",2022-10-12,240,493.75
12017,"Citrus",2022-09-24,50,NA
12017,"Citrus",2022-09-25,23.75,50
12017,"Citrus",2022-09-26,1886,23.75
12017,"Citrus",2022-09-27,212.25,1886
12017,"Citrus",2022-09-28,3937.25,212.25
12017,"Citrus",2022-09-29,35287.5,3937.25
12017,"Citrus",2022-09-30,2319,35287.5
12017,"Citrus",2022-10-01,13.25,2319
12017,"Citrus",2022-10-02,463.75,13.25
12017,"Citrus",2022-10-03,617,463.75
12017,"Citrus",2022-10-04,52.75,617
12017,"Citrus",2022-10-05,102.75,52.75
12017,"Citrus",2022-10-06,204.75,102.75
12017,"Citrus",2022-10-07,26.75,204.75
12017,"Citrus",2022-10-08,19.5,26.75
12017,"Citrus",2022-10-09,36,19.5
12017,"Citrus",2022-10-10,1284.75,36
12017,"Citrus",2022-10-11,24.25,1284.75
12017,"Citrus",2022-10-12,58.75,24.25
12019,"Clay",2022-09-24,35.75,NA
12019,"Clay",2022-09-25,1.5,35.75
12019,"Clay",2022-09-26,24.75,1.5
12019,"Clay",2022-09-27,30.5,24.75
12019,"Clay",2022-09-28,4993.5,30.5
12019,"Clay",2022-09-29,60871,4993.5
12019,"Clay",2022-09-30,6898,60871
12019,"Clay",2022-10-01,238.25,6898
12019,"Clay",2022-10-02,1,238.25
12019,"Clay",2022-10-03,622,1
12019,"Clay",2022-10-04,282.75,622
12019,"Clay",2022-10-05,1038.25,282.75
12019,"Clay",2022-10-06,38.75,1038.25
12019,"Clay",2022-10-07,60,38.75
12019,"Clay",2022-10-08,103.75,60
12019,"Clay",2022-10-09,72.5,103.75
12019,"Clay",2022-10-10,17.25,72.5
12019,"Clay",2022-10-11,1972.75,17.25
12019,"Clay",2022-10-12,5774.25,1972.75
12021,"Collier",2022-09-24,1116.25,NA
12021,"Collier",2022-09-25,1539,1116.25
12021,"Collier",2022-09-26,4182,1539
12021,"Collier",2022-09-27,2261.25,4182
12021,"Collier",2022-09-28,1468393,2261.25
12021,"Collier",2022-09-29,4596087,1468393
12021,"Collier",2022-09-30,3669073,4596087
12021,"Collier",2022-10-01,2383145,3669073
12021,"Collier",2022-10-02,1809548,2383145
12021,"Collier",2022-10-03,1054976.25,1809548
12021,"Collier",2022-10-04,531473.25,1054976.25
12021,"Collier",2022-10-05,284173.5,531473.25
12021,"Collier",2022-10-06,222206.75,284173.5
12021,"Collier",2022-10-07,166776.25,222206.75
12021,"Collier",2022-10-08,85040.5,166776.25
12021,"Collier",2022-10-09,50712,85040.5
12021,"Collier",2022-10-10,52593.5,50712
12021,"Collier",2022-10-11,21100,52593.5
12021,"Collier",2022-10-12,9360,21100
12023,"Columbia",2022-09-24,31.5,NA
12023,"Columbia",2022-09-25,16.75,31.5
12023,"Columbia",2022-09-26,23.75,16.75
12023,"Columbia",2022-09-27,291.75,23.75
12023,"Columbia",2022-09-28,1642.25,291.75
12023,"Columbia",2022-09-29,29915.5,1642.25
12023,"Columbia",2022-09-30,2608.25,29915.5
12023,"Columbia",2022-10-01,40.75,2608.25
12023,"Columbia",2022-10-02,34,40.75
12023,"Columbia",2022-10-03,31.25,34
12023,"Columbia",2022-10-04,33.25,31.25
12023,"Columbia",2022-10-05,21.75,33.25
12023,"Columbia",2022-10-06,40,21.75
12023,"Columbia",2022-10-07,36.75,40
12023,"Columbia",2022-10-08,269.5,36.75
12023,"Columbia",2022-10-09,43.5,269.5
12023,"Columbia",2022-10-10,9,43.5
12023,"Columbia",2022-10-11,48.5,9
12023,"Columbia",2022-10-12,39.5,48.5
12027,"DeSoto",2022-09-24,17.25,NA
12027,"DeSoto",2022-09-25,6.75,17.25
12027,"DeSoto",2022-09-26,18.5,6.75
12027,"DeSoto",2022-09-27,9.5,18.5
12027,"DeSoto",2022-09-28,63126,9.5
12027,"DeSoto",2022-09-29,373014,63126
12027,"DeSoto",2022-09-30,320260.5,373014
12027,"DeSoto",2022-10-01,234935.75,320260.5
12027,"DeSoto",2022-10-02,180652,234935.75
12027,"DeSoto",2022-10-03,178183,180652
12027,"DeSoto",2022-10-04,224537.75,178183
12027,"DeSoto",2022-10-05,232624.5,224537.75
12027,"DeSoto",2022-10-06,133597,232624.5
12027,"DeSoto",2022-10-07,30869.75,133597
12027,"DeSoto",2022-10-08,1734.25,30869.75
12027,"DeSoto",2022-10-09,1011.25,1734.25
12027,"DeSoto",2022-10-10,475.25,1011.25
12027,"DeSoto",2022-10-11,372,475.25
12027,"DeSoto",2022-10-12,258.75,372
12029,"Dixie",2022-09-24,24,NA
12029,"Dixie",2022-09-25,37.25,24
12029,"Dixie",2022-09-26,67,37.25
12029,"Dixie",2022-09-27,34,67
12029,"Dixie",2022-09-28,342.25,34
12029,"Dixie",2022-09-29,1238,342.25
12029,"Dixie",2022-09-30,74.5,1238
12029,"Dixie",2022-10-01,31.75,74.5
12029,"Dixie",2022-10-02,7,31.75
12029,"Dixie",2022-10-03,5,7
12029,"Dixie",2022-10-04,0.75,5
12029,"Dixie",2022-10-05,0,0.75
12029,"Dixie",2022-10-06,1.5,0
12029,"Dixie",2022-10-07,30.75,1.5
12029,"Dixie",2022-10-08,17,30.75
12029,"Dixie",2022-10-09,1,17
12029,"Dixie",2022-10-11,38.75,1
12029,"Dixie",2022-10-12,4.25,38.75
12031,"Duval",2022-09-24,196.75,NA
12031,"Duval",2022-09-25,98,196.75
12031,"Duval",2022-09-26,410.75,98
12031,"Duval",2022-09-27,152,410.75
12031,"Duval",2022-09-28,3834.25,152
12031,"Duval",2022-09-29,155278.25,3834.25
12031,"Duval",2022-09-30,39301.25,155278.25
12031,"Duval",2022-10-01,2645.75,39301.25
12031,"Duval",2022-10-02,239,2645.75
12031,"Duval",2022-10-03,111.75,239
12031,"Duval",2022-10-04,3576.75,111.75
12031,"Duval",2022-10-05,2368.5,3576.75
12031,"Duval",2022-10-06,118,2368.5
12031,"Duval",2022-10-07,88.25,118
12031,"Duval",2022-10-08,217.75,88.25
12031,"Duval",2022-10-09,73.75,217.75
12031,"Duval",2022-10-10,287,73.75
12031,"Duval",2022-10-11,12296.25,287
12031,"Duval",2022-10-12,39810.25,12296.25
12033,"Escambia",2022-09-24,362.25,NA
12033,"Escambia",2022-09-25,28.5,362.25
12033,"Escambia",2022-09-26,175.75,28.5
12033,"Escambia",2022-09-27,418.5,175.75
12033,"Escambia",2022-09-28,498.25,418.5
12033,"Escambia",2022-09-29,83.25,498.25
12033,"Escambia",2022-09-30,85.25,83.25
12033,"Escambia",2022-10-01,57.25,85.25
12033,"Escambia",2022-10-02,599.75,57.25
12033,"Escambia",2022-10-03,106.75,599.75
12033,"Escambia",2022-10-04,39.25,106.75
12033,"Escambia",2022-10-05,89,39.25
12033,"Escambia",2022-10-06,77.25,89
12033,"Escambia",2022-10-07,267.75,77.25
12033,"Escambia",2022-10-08,803.75,267.75
12033,"Escambia",2022-10-09,591,803.75
12033,"Escambia",2022-10-10,140,591
12033,"Escambia",2022-10-11,48.5,140
12033,"Escambia",2022-10-12,106.75,48.5
12035,"Flagler",2022-09-24,3,NA
12035,"Flagler",2022-09-25,1.5,3
12035,"Flagler",2022-09-26,106,1.5
12035,"Flagler",2022-09-27,479,106
12035,"Flagler",2022-09-28,679.5,479
12035,"Flagler",2022-09-29,450448.75,679.5
12035,"Flagler",2022-09-30,612623,450448.75
12035,"Flagler",2022-10-01,313615.5,612623
12035,"Flagler",2022-10-02,121415.5,313615.5
12035,"Flagler",2022-10-03,10030,121415.5
12035,"Flagler",2022-10-04,1140.75,10030
12035,"Flagler",2022-10-05,325,1140.75
12035,"Flagler",2022-10-06,62.5,325
12035,"Flagler",2022-10-07,54.25,62.5
12035,"Flagler",2022-10-08,60.75,54.25
12035,"Flagler",2022-10-09,8.75,60.75
12035,"Flagler",2022-10-10,36.25,8.75
12035,"Flagler",2022-10-11,86.5,36.25
12035,"Flagler",2022-10-12,47.25,86.5
12037,"Franklin",2022-09-24,3,NA
12037,"Franklin",2022-09-26,4.5,3
12037,"Franklin",2022-09-27,6.25,4.5
12037,"Franklin",2022-09-28,377.25,6.25
12037,"Franklin",2022-09-29,6.25,377.25
12037,"Franklin",2022-09-30,5.5,6.25
12037,"Franklin",2022-10-01,164.75,5.5
12037,"Franklin",2022-10-02,25.5,164.75
12037,"Franklin",2022-10-03,1.25,25.5
12037,"Franklin",2022-10-04,1.25,1.25
12037,"Franklin",2022-10-05,72,1.25
12037,"Franklin",2022-10-06,6,72
12037,"Franklin",2022-10-08,19,6
12037,"Franklin",2022-10-09,21,19
12037,"Franklin",2022-10-10,15.75,21
12037,"Franklin",2022-10-11,60,15.75
12037,"Franklin",2022-10-12,59.5,60
12039,"Gadsden",2022-09-24,206.25,NA
12039,"Gadsden",2022-09-25,6.25,206.25
12039,"Gadsden",2022-09-26,5,6.25
12039,"Gadsden",2022-09-27,9.25,5
12039,"Gadsden",2022-09-28,437.5,9.25
12039,"Gadsden",2022-09-29,93.75,437.5
12039,"Gadsden",2022-09-30,67.75,93.75
12039,"Gadsden",2022-10-01,183,67.75
12039,"Gadsden",2022-10-02,51,183
12039,"Gadsden",2022-10-03,31,51
12039,"Gadsden",2022-10-04,5,31
12039,"Gadsden",2022-10-05,52.75,5
12039,"Gadsden",2022-10-06,15.75,52.75
12039,"Gadsden",2022-10-07,36.25,15.75
12039,"Gadsden",2022-10-08,20.5,36.25
12039,"Gadsden",2022-10-09,5.75,20.5
12039,"Gadsden",2022-10-10,1.5,5.75
12039,"Gadsden",2022-10-11,38.5,1.5
12039,"Gadsden",2022-10-12,22.5,38.5
12041,"Gilchrist",2022-09-24,23.75,NA
12041,"Gilchrist",2022-09-25,1.25,23.75
12041,"Gilchrist",2022-09-26,13.75,1.25
12041,"Gilchrist",2022-09-27,26.25,13.75
12041,"Gilchrist",2022-09-28,57.5,26.25
12041,"Gilchrist",2022-09-29,2348,57.5
12041,"Gilchrist",2022-09-30,24,2348
12041,"Gilchrist",2022-10-01,1.75,24
12041,"Gilchrist",2022-10-02,2.25,1.75
12041,"Gilchrist",2022-10-03,4.5,2.25
12041,"Gilchrist",2022-10-04,16.25,4.5
12041,"Gilchrist",2022-10-05,177,16.25
12041,"Gilchrist",2022-10-06,654,177
12041,"Gilchrist",2022-10-07,12.75,654
12041,"Gilchrist",2022-10-08,48.75,12.75
12041,"Gilchrist",2022-10-10,39,48.75
12041,"Gilchrist",2022-10-12,45,39
12043,"Glades",2022-09-24,1.5,NA
12043,"Glades",2022-09-26,5.25,1.5
12043,"Glades",2022-09-27,9.25,5.25
12043,"Glades",2022-09-28,5457,9.25
12043,"Glades",2022-09-29,62182.5,5457
12043,"Glades",2022-09-30,48280,62182.5
12043,"Glades",2022-10-01,17677.5,48280
12043,"Glades",2022-10-02,5990,17677.5
12043,"Glades",2022-10-03,4390,5990
12043,"Glades",2022-10-04,2810,4390
12043,"Glades",2022-10-05,1913.25,2810
12043,"Glades",2022-10-06,772.25,1913.25
12043,"Glades",2022-10-07,222.5,772.25
12043,"Glades",2022-10-08,84.5,222.5
12043,"Glades",2022-10-09,0,84.5
12043,"Glades",2022-10-10,0,0
12043,"Glades",2022-10-11,0,0
12045,"Gulf",2022-09-24,0.75,NA
12045,"Gulf",2022-09-25,8,0.75
12045,"Gulf",2022-09-26,57.25,8
12045,"Gulf",2022-09-27,7.25,57.25
12045,"Gulf",2022-09-28,30.5,7.25
12045,"Gulf",2022-09-29,8,30.5
12045,"Gulf",2022-10-01,2.25,8
12045,"Gulf",2022-10-02,33.25,2.25
12045,"Gulf",2022-10-03,2.25,33.25
12045,"Gulf",2022-10-04,20.25,2.25
12045,"Gulf",2022-10-05,162,20.25
12045,"Gulf",2022-10-06,3.25,162
12045,"Gulf",2022-10-07,5,3.25
12045,"Gulf",2022-10-08,16.5,5
12045,"Gulf",2022-10-09,3,16.5
12045,"Gulf",2022-10-11,1.5,3
12045,"Gulf",2022-10-12,50,1.5
12047,"Hamilton",2022-09-24,0,NA
12047,"Hamilton",2022-09-26,6.25,0
12047,"Hamilton",2022-09-27,0.25,6.25
12047,"Hamilton",2022-09-28,96.5,0.25
12047,"Hamilton",2022-09-29,1318,96.5
12047,"Hamilton",2022-09-30,30.5,1318
12047,"Hamilton",2022-10-05,45.25,30.5
12047,"Hamilton",2022-10-06,17.5,45.25
12047,"Hamilton",2022-10-07,1.75,17.5
12047,"Hamilton",2022-10-09,3.25,1.75
12047,"Hamilton",2022-10-10,0.25,3.25
12047,"Hamilton",2022-10-11,1.5,0.25
12047,"Hamilton",2022-10-12,17.25,1.5
12049,"Hardee",2022-09-24,21.75,NA
12049,"Hardee",2022-09-25,5.5,21.75
12049,"Hardee",2022-09-26,5,5.5
12049,"Hardee",2022-09-27,28.75,5
12049,"Hardee",2022-09-28,22680.5,28.75
12049,"Hardee",2022-09-29,146614.5,22680.5
12049,"Hardee",2022-09-30,174408,146614.5
12049,"Hardee",2022-10-01,192633,174408
12049,"Hardee",2022-10-02,140723.25,192633
12049,"Hardee",2022-10-03,92160.5,140723.25
12049,"Hardee",2022-10-04,21004.75,92160.5
12049,"Hardee",2022-10-05,4420,21004.75
12049,"Hardee",2022-10-06,2814.5,4420
12049,"Hardee",2022-10-07,1581.25,2814.5
12049,"Hardee",2022-10-08,819,1581.25
12049,"Hardee",2022-10-09,127.5,819
12049,"Hardee",2022-10-10,366.5,127.5
12049,"Hardee",2022-10-11,380.5,366.5
12049,"Hardee",2022-10-12,400.25,380.5
12051,"Hendry",2022-09-24,39.75,NA
12051,"Hendry",2022-09-25,6.5,39.75
12051,"Hendry",2022-09-26,41.5,6.5
12051,"Hendry",2022-09-27,3204.25,41.5
12051,"Hendry",2022-09-28,33011.75,3204.25
12051,"Hendry",2022-09-29,163310.5,33011.75
12051,"Hendry",2022-09-30,144853.5,163310.5
12051,"Hendry",2022-10-01,79073.75,144853.5
12051,"Hendry",2022-10-02,98575.5,79073.75
12051,"Hendry",2022-10-03,76718,98575.5
12051,"Hendry",2022-10-04,55633.5,76718
12051,"Hendry",2022-10-05,22813,55633.5
12051,"Hendry",2022-10-06,2375.75,22813
12051,"Hendry",2022-10-07,2469,2375.75
12051,"Hendry",2022-10-08,888.75,2469
12051,"Hendry",2022-10-09,58,888.75
12051,"Hendry",2022-10-10,27,58
12051,"Hendry",2022-10-11,0,27
12051,"Hendry",2022-10-12,0,0
12053,"Hernando",2022-09-24,78,NA
12053,"Hernando",2022-09-25,325,78
12053,"Hernando",2022-09-26,47.75,325
12053,"Hernando",2022-09-27,49.25,47.75
12053,"Hernando",2022-09-28,1802.5,49.25
12053,"Hernando",2022-09-29,19176.25,1802.5
12053,"Hernando",2022-09-30,4086.25,19176.25
12053,"Hernando",2022-10-01,421,4086.25
12053,"Hernando",2022-10-02,50.5,421
12053,"Hernando",2022-10-03,161.25,50.5
12053,"Hernando",2022-10-04,139,161.25
12053,"Hernando",2022-10-05,331.75,139
12053,"Hernando",2022-10-06,10.25,331.75
12053,"Hernando",2022-10-07,72.25,10.25
12053,"Hernando",2022-10-08,208.5,72.25
12053,"Hernando",2022-10-09,4.5,208.5
12053,"Hernando",2022-10-10,44.75,4.5
12053,"Hernando",2022-10-11,33,44.75
12053,"Hernando",2022-10-12,43.75,33
12055,"Highlands",2022-09-24,41.25,NA
12055,"Highlands",2022-09-25,2.25,41.25
12055,"Highlands",2022-09-26,17.5,2.25
12055,"Highlands",2022-09-27,23.25,17.5
12055,"Highlands",2022-09-28,41639.25,23.25
12055,"Highlands",2022-09-29,1017770,41639.25
12055,"Highlands",2022-09-30,1161366,1017770
12055,"Highlands",2022-10-01,847349.5,1161366
12055,"Highlands",2022-10-02,448954.5,847349.5
12055,"Highlands",2022-10-03,98671.25,448954.5
12055,"Highlands",2022-10-04,3918,98671.25
12055,"Highlands",2022-10-05,1355.25,3918
12055,"Highlands",2022-10-06,755.25,1355.25
12055,"Highlands",2022-10-07,405.5,755.25
12055,"Highlands",2022-10-08,94.25,405.5
12055,"Highlands",2022-10-09,36,94.25
12055,"Highlands",2022-10-10,104.75,36
12055,"Highlands",2022-10-11,41,104.75
12055,"Highlands",2022-10-12,19.5,41
12057,"Hillsborough",2022-09-24,3778.25,NA
12057,"Hillsborough",2022-09-25,596.25,3778.25
12057,"Hillsborough",2022-09-26,4289.75,596.25
12057,"Hillsborough",2022-09-27,1435,4289.75
12057,"Hillsborough",2022-09-28,313879.75,1435
12057,"Hillsborough",2022-09-29,3113040.5,313879.75
12057,"Hillsborough",2022-09-30,2706573,3113040.5
12057,"Hillsborough",2022-10-01,1112253.25,2706573
12057,"Hillsborough",2022-10-02,531305,1112253.25
12057,"Hillsborough",2022-10-03,143229.75,531305
12057,"Hillsborough",2022-10-04,24953.25,143229.75
12057,"Hillsborough",2022-10-05,9686.75,24953.25
12057,"Hillsborough",2022-10-06,1809,9686.75
12057,"Hillsborough",2022-10-07,788.75,1809
12057,"Hillsborough",2022-10-08,5734.75,788.75
12057,"Hillsborough",2022-10-09,410,5734.75
12057,"Hillsborough",2022-10-10,2082.5,410
12057,"Hillsborough",2022-10-11,394.5,2082.5
12057,"Hillsborough",2022-10-12,1752.5,394.5
12059,"Holmes",2022-09-24,1,NA
12059,"Holmes",2022-09-25,2,1
12059,"Holmes",2022-09-26,7.25,2
12059,"Holmes",2022-09-27,4.5,7.25
12059,"Holmes",2022-09-28,0,4.5
12059,"Holmes",2022-09-29,0,0
12059,"Holmes",2022-09-30,0,0
12059,"Holmes",2022-10-01,0,0
12059,"Holmes",2022-10-02,0,0
12059,"Holmes",2022-10-03,3.75,0
12059,"Holmes",2022-10-04,0,3.75
12059,"Holmes",2022-10-05,0,0
12059,"Holmes",2022-10-06,0.75,0
12059,"Holmes",2022-10-07,0,0.75
12059,"Holmes",2022-10-08,0,0
12059,"Holmes",2022-10-09,0,0
12059,"Holmes",2022-10-10,11.25,0
12059,"Holmes",2022-10-11,5.75,11.25
12059,"Holmes",2022-10-12,3.5,5.75
12061,"Indian River",2022-09-24,658.75,NA
12061,"Indian River",2022-09-25,132.5,658.75
12061,"Indian River",2022-09-26,506.5,132.5
12061,"Indian River",2022-09-27,428.25,506.5
12061,"Indian River",2022-09-28,10937.25,428.25
12061,"Indian River",2022-09-29,420417,10937.25
12061,"Indian River",2022-09-30,273350.75,420417
12061,"Indian River",2022-10-01,85501.75,273350.75
12061,"Indian River",2022-10-02,4558.5,85501.75
12061,"Indian River",2022-10-03,3289,4558.5
12061,"Indian River",2022-10-04,638.75,3289
12061,"Indian River",2022-10-05,276.75,638.75
12061,"Indian River",2022-10-06,142.75,276.75
12061,"Indian River",2022-10-07,224.5,142.75
12061,"Indian River",2022-10-08,996.75,224.5
12061,"Indian River",2022-10-09,22.25,996.75
12061,"Indian River",2022-10-10,1311.5,22.25
12061,"Indian River",2022-10-11,382,1311.5
12061,"Indian River",2022-10-12,1337.5,382
12063,"Jackson",2022-09-24,5,NA
12063,"Jackson",2022-09-25,10.25,5
12063,"Jackson",2022-09-26,3,10.25
12063,"Jackson",2022-09-27,4.25,3
12063,"Jackson",2022-09-28,225,4.25
12063,"Jackson",2022-09-29,0,225
12063,"Jackson",2022-09-30,0,0
12063,"Jackson",2022-10-01,0,0
12063,"Jackson",2022-10-02,0,0
12063,"Jackson",2022-10-03,430.75,0
12063,"Jackson",2022-10-04,0,430.75
12063,"Jackson",2022-10-05,32.5,0
12063,"Jackson",2022-10-06,0,32.5
12063,"Jackson",2022-10-07,0,0
12063,"Jackson",2022-10-08,0,0
12063,"Jackson",2022-10-09,0,0
12063,"Jackson",2022-10-10,0,0
12063,"Jackson",2022-10-11,2.25,0
12063,"Jackson",2022-10-12,0,2.25
12065,"Jefferson",2022-09-24,0,NA
12065,"Jefferson",2022-09-26,11.5,0
12065,"Jefferson",2022-09-27,341,11.5
12065,"Jefferson",2022-09-28,510,341
12065,"Jefferson",2022-09-29,260,510
12065,"Jefferson",2022-09-30,227.5,260
12065,"Jefferson",2022-10-03,0,227.5
12065,"Jefferson",2022-10-04,33.25,0
12065,"Jefferson",2022-10-05,0,33.25
12065,"Jefferson",2022-10-06,27.75,0
12065,"Jefferson",2022-10-07,1.5,27.75
12065,"Jefferson",2022-10-09,5,1.5
12065,"Jefferson",2022-10-10,0.75,5
12065,"Jefferson",2022-10-11,1,0.75
12065,"Jefferson",2022-10-12,0.25,1
12067,"Lafayette",2022-09-24,2.25,NA
12067,"Lafayette",2022-09-26,9.25,2.25
12067,"Lafayette",2022-09-27,35.5,9.25
12067,"Lafayette",2022-09-28,2.5,35.5
12067,"Lafayette",2022-09-29,957.75,2.5
12067,"Lafayette",2022-09-30,1.5,957.75
12067,"Lafayette",2022-10-01,0.5,1.5
12067,"Lafayette",2022-10-02,4.25,0.5
12067,"Lafayette",2022-10-03,39.25,4.25
12067,"Lafayette",2022-10-04,11.25,39.25
12067,"Lafayette",2022-10-05,73.75,11.25
12067,"Lafayette",2022-10-06,0.5,73.75
12067,"Lafayette",2022-10-07,5.25,0.5
12067,"Lafayette",2022-10-09,11.5,5.25
12067,"Lafayette",2022-10-10,10,11.5
12067,"Lafayette",2022-10-11,16.5,10
12069,"Lake",2022-09-24,66.25,NA
12069,"Lake",2022-09-25,58.5,66.25
12069,"Lake",2022-09-26,281.75,58.5
12069,"Lake",2022-09-27,69,281.75
12069,"Lake",2022-09-28,12036.75,69
12069,"Lake",2022-09-29,529678,12036.75
12069,"Lake",2022-09-30,439767,529678
12069,"Lake",2022-10-01,107232.25,439767
12069,"Lake",2022-10-02,16947.25,107232.25
12069,"Lake",2022-10-03,2647.75,16947.25
12069,"Lake",2022-10-04,622.5,2647.75
12069,"Lake",2022-10-05,804.5,622.5
12069,"Lake",2022-10-06,513.5,804.5
12069,"Lake",2022-10-07,939.5,513.5
12069,"Lake",2022-10-08,45,939.5
12069,"Lake",2022-10-09,109.5,45
12069,"Lake",2022-10-10,112,109.5
12069,"Lake",2022-10-11,300,112
12069,"Lake",2022-10-12,252.75,300
12071,"Lee",2022-09-24,751.75,NA
12071,"Lee",2022-09-25,1657.5,751.75
12071,"Lee",2022-09-26,2558.25,1657.5
12071,"Lee",2022-09-27,1651.75,2558.25
12071,"Lee",2022-09-28,2925565.75,1651.75
12071,"Lee",2022-09-29,9781795.75,2925565.75
12071,"Lee",2022-09-30,9502308.5,9781795.75
12071,"Lee",2022-10-01,8202396,9502308.5
12071,"Lee",2022-10-02,7500060.5,8202396
12071,"Lee",2022-10-03,6139300.75,7500060.5
12071,"Lee",2022-10-04,5248937.25,6139300.75
12071,"Lee",2022-10-05,4473607,5248937.25
12071,"Lee",2022-10-06,3364573,4473607
12071,"Lee",2022-10-07,2394038.5,3364573
12071,"Lee",2022-10-08,1496873.5,2394038.5
12071,"Lee",2022-10-09,1206766.5,1496873.5
12071,"Lee",2022-10-10,737438.75,1206766.5
12071,"Lee",2022-10-11,490113,737438.75
12071,"Lee",2022-10-12,443349,490113
12073,"Leon",2022-09-24,624.5,NA
12073,"Leon",2022-09-25,41,624.5
12073,"Leon",2022-09-26,95.75,41
12073,"Leon",2022-09-27,198.5,95.75
12073,"Leon",2022-09-28,1111,198.5
12073,"Leon",2022-09-29,1136.5,1111
12073,"Leon",2022-09-30,1436.75,1136.5
12073,"Leon",2022-10-01,1140,1436.75
12073,"Leon",2022-10-02,5729.25,1140
12073,"Leon",2022-10-03,123,5729.25
12073,"Leon",2022-10-04,383.25,123
12073,"Leon",2022-10-05,329.75,383.25
12073,"Leon",2022-10-06,671.5,329.75
12073,"Leon",2022-10-07,254.25,671.5
12073,"Leon",2022-10-08,742.25,254.25
12073,"Leon",2022-10-09,1911.75,742.25
12073,"Leon",2022-10-10,437.5,1911.75
12073,"Leon",2022-10-11,948,437.5
12073,"Leon",2022-10-12,60.75,948
12075,"Levy",2022-09-24,33.5,NA
12075,"Levy",2022-09-25,13.25,33.5
12075,"Levy",2022-09-26,3.25,13.25
12075,"Levy",2022-09-27,4.75,3.25
12075,"Levy",2022-09-28,411.5,4.75
12075,"Levy",2022-09-29,11620.25,411.5
12075,"Levy",2022-09-30,919.75,11620.25
12075,"Levy",2022-10-01,47.5,919.75
12075,"Levy",2022-10-02,12.25,47.5
12075,"Levy",2022-10-03,20.5,12.25
12075,"Levy",2022-10-04,53.75,20.5
12075,"Levy",2022-10-05,32,53.75
12075,"Levy",2022-10-06,32.5,32
12075,"Levy",2022-10-07,43.75,32.5
12075,"Levy",2022-10-08,13.75,43.75
12075,"Levy",2022-10-09,12.5,13.75
12075,"Levy",2022-10-10,63,12.5
12075,"Levy",2022-10-11,15.25,63
12075,"Levy",2022-10-12,33.5,15.25
12077,"Liberty",2022-09-24,2,NA
12077,"Liberty",2022-09-26,2,2
12077,"Liberty",2022-09-27,3.25,2
12077,"Liberty",2022-09-28,3,3.25
12077,"Liberty",2022-09-29,25.75,3
12077,"Liberty",2022-09-30,1.75,25.75
12077,"Liberty",2022-10-01,1.25,1.75
12077,"Liberty",2022-10-02,10.25,1.25
12077,"Liberty",2022-10-04,0.75,10.25
12077,"Liberty",2022-10-05,2.75,0.75
12077,"Liberty",2022-10-07,2.75,2.75
12077,"Liberty",2022-10-10,14,2.75
12077,"Liberty",2022-10-12,1.5,14
12079,"Madison",2022-09-24,107.5,NA
12079,"Madison",2022-09-26,0.75,107.5
12079,"Madison",2022-09-27,1.5,0.75
12079,"Madison",2022-09-28,33.5,1.5
12079,"Madison",2022-09-29,119,33.5
12079,"Madison",2022-09-30,21.75,119
12079,"Madison",2022-10-01,51.75,21.75
12079,"Madison",2022-10-02,386.5,51.75
12079,"Madison",2022-10-03,1.25,386.5
12079,"Madison",2022-10-04,0.75,1.25
12079,"Madison",2022-10-05,0,0.75
12079,"Madison",2022-10-06,97.5,0
12079,"Madison",2022-10-07,0.75,97.5
12079,"Madison",2022-10-09,21,0.75
12079,"Madison",2022-10-10,175.5,21
12079,"Madison",2022-10-11,204.75,175.5
12079,"Madison",2022-10-12,7,204.75
12081,"Manatee",2022-09-24,149.75,NA
12081,"Manatee",2022-09-25,24.25,149.75
12081,"Manatee",2022-09-26,464.75,24.25
12081,"Manatee",2022-09-27,483,464.75
12081,"Manatee",2022-09-28,794345,483
12081,"Manatee",2022-09-29,3100476.5,794345
12081,"Manatee",2022-09-30,2396821.25,3100476.5
12081,"Manatee",2022-10-01,1740811.25,2396821.25
12081,"Manatee",2022-10-02,1309817,1740811.25
12081,"Manatee",2022-10-03,870846.25,1309817
12081,"Manatee",2022-10-04,457244.75,870846.25
12081,"Manatee",2022-10-05,126477.25,457244.75
12081,"Manatee",2022-10-06,34049.25,126477.25
12081,"Manatee",2022-10-07,15863,34049.25
12081,"Manatee",2022-10-08,4574.5,15863
12081,"Manatee",2022-10-09,263.25,4574.5
12081,"Manatee",2022-10-10,522.25,263.25
12081,"Manatee",2022-10-11,570,522.25
12081,"Manatee",2022-10-12,898.75,570
12083,"Marion",2022-09-24,166.75,NA
12083,"Marion",2022-09-25,16,166.75
12083,"Marion",2022-09-26,373.75,16
12083,"Marion",2022-09-27,349.5,373.75
12083,"Marion",2022-09-28,6316.75,349.5
12083,"Marion",2022-09-29,149132.25,6316.75
12083,"Marion",2022-09-30,46325.25,149132.25
12083,"Marion",2022-10-01,1654,46325.25
12083,"Marion",2022-10-02,45.5,1654
12083,"Marion",2022-10-03,131.75,45.5
12083,"Marion",2022-10-04,114,131.75
12083,"Marion",2022-10-05,32.25,114
12083,"Marion",2022-10-06,284.25,32.25
12083,"Marion",2022-10-07,224.5,284.25
12083,"Marion",2022-10-08,4837.25,224.5
12083,"Marion",2022-10-09,20.75,4837.25
12083,"Marion",2022-10-10,82.5,20.75
12083,"Marion",2022-10-11,328.25,82.5
12083,"Marion",2022-10-12,278.75,328.25
12085,"Martin",2022-09-24,731.5,NA
12085,"Martin",2022-09-25,294,731.5
12085,"Martin",2022-09-26,190.25,294
12085,"Martin",2022-09-27,190.5,190.25
12085,"Martin",2022-09-28,5265.75,190.5
12085,"Martin",2022-09-29,141947.5,5265.75
12085,"Martin",2022-09-30,79242.5,141947.5
12085,"Martin",2022-10-01,18235,79242.5
12085,"Martin",2022-10-02,743.75,18235
12085,"Martin",2022-10-03,786.5,743.75
12085,"Martin",2022-10-04,220.5,786.5
12085,"Martin",2022-10-05,631.5,220.5
12085,"Martin",2022-10-06,76.75,631.5
12085,"Martin",2022-10-07,42.75,76.75
12085,"Martin",2022-10-08,104,42.75
12085,"Martin",2022-10-09,1074.25,104
12085,"Martin",2022-10-10,38,1074.25
12085,"Martin",2022-10-11,1162.25,38
12085,"Martin",2022-10-12,128.5,1162.25
12086,"Miami-Dade",2022-09-24,5617.5,NA
12086,"Miami-Dade",2022-09-25,9680,5617.5
12086,"Miami-Dade",2022-09-26,9908.25,9680
12086,"Miami-Dade",2022-09-27,34366.75,9908.25
12086,"Miami-Dade",2022-09-28,448232.75,34366.75
12086,"Miami-Dade",2022-09-29,160860,448232.75
12086,"Miami-Dade",2022-09-30,34535,160860
12086,"Miami-Dade",2022-10-01,4332,34535
12086,"Miami-Dade",2022-10-02,5503.5,4332
12086,"Miami-Dade",2022-10-03,10837,5503.5
12086,"Miami-Dade",2022-10-04,23963.25,10837
12086,"Miami-Dade",2022-10-05,12300.75,23963.25
12086,"Miami-Dade",2022-10-06,7929.5,12300.75
12086,"Miami-Dade",2022-10-07,6190.5,7929.5
12086,"Miami-Dade",2022-10-08,5566.25,6190.5
12086,"Miami-Dade",2022-10-09,5912.5,5566.25
12086,"Miami-Dade",2022-10-10,7165,5912.5
12086,"Miami-Dade",2022-10-11,8135.5,7165
12086,"Miami-Dade",2022-10-12,8322.75,8135.5
12087,"Monroe",2022-09-24,62.75,NA
12087,"Monroe",2022-09-25,9.75,62.75
12087,"Monroe",2022-09-26,75.25,9.75
12087,"Monroe",2022-09-27,4095.25,75.25
12087,"Monroe",2022-09-28,126803.75,4095.25
12087,"Monroe",2022-09-29,9132.25,126803.75
12087,"Monroe",2022-09-30,455.5,9132.25
12087,"Monroe",2022-10-01,125.75,455.5
12087,"Monroe",2022-10-02,9.5,125.75
12087,"Monroe",2022-10-03,16.25,9.5
12087,"Monroe",2022-10-04,12.75,16.25
12087,"Monroe",2022-10-05,6.25,12.75
12087,"Monroe",2022-10-06,24.75,6.25
12087,"Monroe",2022-10-07,7.25,24.75
12087,"Monroe",2022-10-08,1858.25,7.25
12087,"Monroe",2022-10-09,39.25,1858.25
12087,"Monroe",2022-10-10,1.25,39.25
12087,"Monroe",2022-10-11,5.5,1.25
12087,"Monroe",2022-10-12,143.75,5.5
12089,"Nassau",2022-09-24,2.25,NA
12089,"Nassau",2022-09-25,1.25,2.25
12089,"Nassau",2022-09-26,4.5,1.25
12089,"Nassau",2022-09-27,702.75,4.5
12089,"Nassau",2022-09-28,98.5,702.75
12089,"Nassau",2022-09-29,9775.25,98.5
12089,"Nassau",2022-09-30,1819,9775.25
12089,"Nassau",2022-10-01,36.5,1819
12089,"Nassau",2022-10-02,5.25,36.5
12089,"Nassau",2022-10-03,51,5.25
12089,"Nassau",2022-10-04,61.5,51
12089,"Nassau",2022-10-05,45.75,61.5
12089,"Nassau",2022-10-06,9.75,45.75
12089,"Nassau",2022-10-07,7,9.75
12089,"Nassau",2022-10-08,3,7
12089,"Nassau",2022-10-09,1.5,3
12089,"Nassau",2022-10-10,248.25,1.5
12089,"Nassau",2022-10-11,325.25,248.25
12089,"Nassau",2022-10-12,2014.25,325.25
12091,"Okaloosa",2022-09-24,289.5,NA
12091,"Okaloosa",2022-09-25,249.25,289.5
12091,"Okaloosa",2022-09-26,238.25,249.25
12091,"Okaloosa",2022-09-27,83.25,238.25
12091,"Okaloosa",2022-09-28,246.25,83.25
12091,"Okaloosa",2022-09-29,15.5,246.25
12091,"Okaloosa",2022-09-30,194,15.5
12091,"Okaloosa",2022-10-01,120,194
12091,"Okaloosa",2022-10-02,339.25,120
12091,"Okaloosa",2022-10-03,444.75,339.25
12091,"Okaloosa",2022-10-04,155,444.75
12091,"Okaloosa",2022-10-05,329.75,155
12091,"Okaloosa",2022-10-06,72.5,329.75
12091,"Okaloosa",2022-10-07,140.5,72.5
12091,"Okaloosa",2022-10-08,277.5,140.5
12091,"Okaloosa",2022-10-09,259.75,277.5
12091,"Okaloosa",2022-10-10,257,259.75
12091,"Okaloosa",2022-10-11,394.5,257
12091,"Okaloosa",2022-10-12,115.25,394.5
12093,"Okeechobee",2022-09-24,1.75,NA
12093,"Okeechobee",2022-09-25,18.75,1.75
12093,"Okeechobee",2022-09-26,21.75,18.75
12093,"Okeechobee",2022-09-27,53,21.75
12093,"Okeechobee",2022-09-28,756.75,53
12093,"Okeechobee",2022-09-29,262885,756.75
12093,"Okeechobee",2022-09-30,140727.5,262885
12093,"Okeechobee",2022-10-01,79825,140727.5
12093,"Okeechobee",2022-10-02,6567.75,79825
12093,"Okeechobee",2022-10-03,2057.25,6567.75
12093,"Okeechobee",2022-10-04,1340.25,2057.25
12093,"Okeechobee",2022-10-05,623,1340.25
12093,"Okeechobee",2022-10-06,245.75,623
12093,"Okeechobee",2022-10-07,37.5,245.75
12093,"Okeechobee",2022-10-08,64,37.5
12093,"Okeechobee",2022-10-09,31.25,64
12093,"Okeechobee",2022-10-10,170,31.25
12093,"Okeechobee",2022-10-11,130.25,170
12093,"Okeechobee",2022-10-12,95.75,130.25
12095,"Orange",2022-09-24,740.75,NA
12095,"Orange",2022-09-25,767.75,740.75
12095,"Orange",2022-09-26,1472.75,767.75
12095,"Orange",2022-09-27,1417.25,1472.75
12095,"Orange",2022-09-28,42924.25,1417.25
12095,"Orange",2022-09-29,2654081.75,42924.25
12095,"Orange",2022-09-30,3405208.5,2654081.75
12095,"Orange",2022-10-01,1647135.25,3405208.5
12095,"Orange",2022-10-02,568390,1647135.25
12095,"Orange",2022-10-03,125943,568390
12095,"Orange",2022-10-04,12341.75,125943
12095,"Orange",2022-10-05,2393,12341.75
12095,"Orange",2022-10-06,7161.25,2393
12095,"Orange",2022-10-07,1341.5,7161.25
12095,"Orange",2022-10-08,1005,1341.5
12095,"Orange",2022-10-09,180.75,1005
12095,"Orange",2022-10-10,951.25,180.75
12095,"Orange",2022-10-11,366,951.25
12095,"Orange",2022-10-12,1121,366
12097,"Osceola",2022-09-24,82.75,NA
12097,"Osceola",2022-09-25,41.25,82.75
12097,"Osceola",2022-09-26,1818.5,41.25
12097,"Osceola",2022-09-27,956.75,1818.5
12097,"Osceola",2022-09-28,10965.25,956.75
12097,"Osceola",2022-09-29,438455.25,10965.25
12097,"Osceola",2022-09-30,234241,438455.25
12097,"Osceola",2022-10-01,105597.5,234241
12097,"Osceola",2022-10-02,61643.5,105597.5
12097,"Osceola",2022-10-03,33730.75,61643.5
12097,"Osceola",2022-10-04,31885.75,33730.75
12097,"Osceola",2022-10-05,31571.75,31885.75
12097,"Osceola",2022-10-06,30556.25,31571.75
12097,"Osceola",2022-10-07,18043,30556.25
12097,"Osceola",2022-10-08,5959,18043
12097,"Osceola",2022-10-09,6002.25,5959
12097,"Osceola",2022-10-10,6342.25,6002.25
12097,"Osceola",2022-10-11,3674.75,6342.25
12097,"Osceola",2022-10-12,1574.25,3674.75
12099,"Palm Beach",2022-09-24,2282,NA
12099,"Palm Beach",2022-09-25,2673.75,2282
12099,"Palm Beach",2022-09-26,1621.75,2673.75
12099,"Palm Beach",2022-09-27,4011.25,1621.75
12099,"Palm Beach",2022-09-28,185120.75,4011.25
12099,"Palm Beach",2022-09-29,250297.5,185120.75
12099,"Palm Beach",2022-09-30,42896,250297.5
12099,"Palm Beach",2022-10-01,6241,42896
12099,"Palm Beach",2022-10-02,1564.75,6241
12099,"Palm Beach",2022-10-03,1945.25,1564.75
12099,"Palm Beach",2022-10-04,2521.25,1945.25
12099,"Palm Beach",2022-10-05,1813.5,2521.25
12099,"Palm Beach",2022-10-06,5553.5,1813.5
12099,"Palm Beach",2022-10-07,1228.5,5553.5
12099,"Palm Beach",2022-10-08,1346,1228.5
12099,"Palm Beach",2022-10-09,782.75,1346
12099,"Palm Beach",2022-10-10,4278,782.75
12099,"Palm Beach",2022-10-11,7722.5,4278
12099,"Palm Beach",2022-10-12,5903,7722.5
12101,"Pasco",2022-09-24,1034.75,NA
12101,"Pasco",2022-09-25,22.25,1034.75
12101,"Pasco",2022-09-26,191.5,22.25
12101,"Pasco",2022-09-27,735.5,191.5
12101,"Pasco",2022-09-28,37314.25,735.5
12101,"Pasco",2022-09-29,490590.75,37314.25
12101,"Pasco",2022-09-30,139910.5,490590.75
12101,"Pasco",2022-10-01,18725.5,139910.5
12101,"Pasco",2022-10-02,8457.5,18725.5
12101,"Pasco",2022-10-03,1123.25,8457.5
12101,"Pasco",2022-10-04,549.75,1123.25
12101,"Pasco",2022-10-05,107,549.75
12101,"Pasco",2022-10-06,331.25,107
12101,"Pasco",2022-10-07,154.25,331.25
12101,"Pasco",2022-10-08,252.5,154.25
12101,"Pasco",2022-10-09,159.25,252.5
12101,"Pasco",2022-10-10,1392.25,159.25
12101,"Pasco",2022-10-11,1687.25,1392.25
12101,"Pasco",2022-10-12,82.5,1687.25
12103,"Pinellas",2022-09-24,3625.75,NA
12103,"Pinellas",2022-09-25,1084.75,3625.75
12103,"Pinellas",2022-09-26,3642.75,1084.75
12103,"Pinellas",2022-09-27,1155.75,3642.75
12103,"Pinellas",2022-09-28,731803,1155.75
12103,"Pinellas",2022-09-29,3959549,731803
12103,"Pinellas",2022-09-30,2494700,3959549
12103,"Pinellas",2022-10-01,579419.25,2494700
12103,"Pinellas",2022-10-02,51470.75,579419.25
12103,"Pinellas",2022-10-03,4746,51470.75
12103,"Pinellas",2022-10-04,2853.25,4746
12103,"Pinellas",2022-10-05,1498.75,2853.25
12103,"Pinellas",2022-10-06,2294,1498.75
12103,"Pinellas",2022-10-07,4053.5,2294
12103,"Pinellas",2022-10-08,4141.75,4053.5
12103,"Pinellas",2022-10-09,499,4141.75
12103,"Pinellas",2022-10-10,1138.5,499
12103,"Pinellas",2022-10-11,1716.75,1138.5
12103,"Pinellas",2022-10-12,649.75,1716.75
12105,"Polk",2022-09-24,2744.5,NA
12105,"Polk",2022-09-25,2183.25,2744.5
12105,"Polk",2022-09-26,926.75,2183.25
12105,"Polk",2022-09-27,432.25,926.75
12105,"Polk",2022-09-28,169997.25,432.25
12105,"Polk",2022-09-29,3410204,169997.25
12105,"Polk",2022-09-30,3105885.25,3410204
12105,"Polk",2022-10-01,1723502.75,3105885.25
12105,"Polk",2022-10-02,656764,1723502.75
12105,"Polk",2022-10-03,154109,656764
12105,"Polk",2022-10-04,28821.25,154109
12105,"Polk",2022-10-05,4020.5,28821.25
12105,"Polk",2022-10-06,997.5,4020.5
12105,"Polk",2022-10-07,1625.25,997.5
12105,"Polk",2022-10-08,306,1625.25
12105,"Polk",2022-10-09,166.25,306
12105,"Polk",2022-10-10,462.25,166.25
12105,"Polk",2022-10-11,586.25,462.25
12105,"Polk",2022-10-12,2676.75,586.25
12107,"Putnam",2022-09-24,210.25,NA
12107,"Putnam",2022-09-25,14.25,210.25
12107,"Putnam",2022-09-26,19.5,14.25
12107,"Putnam",2022-09-27,12,19.5
12107,"Putnam",2022-09-28,1400,12
12107,"Putnam",2022-09-29,142850,1400
12107,"Putnam",2022-09-30,92306.5,142850
12107,"Putnam",2022-10-01,3496,92306.5
12107,"Putnam",2022-10-02,771.5,3496
12107,"Putnam",2022-10-03,27.5,771.5
12107,"Putnam",2022-10-04,388,27.5
12107,"Putnam",2022-10-05,42.75,388
12107,"Putnam",2022-10-06,16.75,42.75
12107,"Putnam",2022-10-07,11.5,16.75
12107,"Putnam",2022-10-08,40,11.5
12107,"Putnam",2022-10-09,20,40
12107,"Putnam",2022-10-10,9,20
12107,"Putnam",2022-10-11,95.5,9
12107,"Putnam",2022-10-12,68.5,95.5
12113,"Santa Rosa",2022-09-24,29.25,NA
12113,"Santa Rosa",2022-09-25,28.25,29.25
12113,"Santa Rosa",2022-09-26,163.25,28.25
12113,"Santa Rosa",2022-09-27,250.25,163.25
12113,"Santa Rosa",2022-09-28,23,250.25
12113,"Santa Rosa",2022-09-29,269.5,23
12113,"Santa Rosa",2022-09-30,57.25,269.5
12113,"Santa Rosa",2022-10-01,102.75,57.25
12113,"Santa Rosa",2022-10-02,334.25,102.75
12113,"Santa Rosa",2022-10-03,223.25,334.25
12113,"Santa Rosa",2022-10-04,36.75,223.25
12113,"Santa Rosa",2022-10-05,149,36.75
12113,"Santa Rosa",2022-10-06,143.75,149
12113,"Santa Rosa",2022-10-07,77.5,143.75
12113,"Santa Rosa",2022-10-08,26.5,77.5
12113,"Santa Rosa",2022-10-09,1074.25,26.5
12113,"Santa Rosa",2022-10-10,868,1074.25
12113,"Santa Rosa",2022-10-11,18.5,868
12113,"Santa Rosa",2022-10-12,300,18.5
12115,"Sarasota",2022-09-24,78,NA
12115,"Sarasota",2022-09-25,212.25,78
12115,"Sarasota",2022-09-26,1004,212.25
12115,"Sarasota",2022-09-27,1295.25,1004
12115,"Sarasota",2022-09-28,1615482.5,1295.25
12115,"Sarasota",2022-09-29,4894730,1615482.5
12115,"Sarasota",2022-09-30,3899345,4894730
12115,"Sarasota",2022-10-01,2911005.75,3899345
12115,"Sarasota",2022-10-02,2516167.5,2911005.75
12115,"Sarasota",2022-10-03,2074020,2516167.5
12115,"Sarasota",2022-10-04,1633392.5,2074020
12115,"Sarasota",2022-10-05,1093665,1633392.5
12115,"Sarasota",2022-10-06,580664.75,1093665
12115,"Sarasota",2022-10-07,210447.25,580664.75
12115,"Sarasota",2022-10-08,7771.25,210447.25
12115,"Sarasota",2022-10-09,0,7771.25
12115,"Sarasota",2022-10-10,7.5,0
12115,"Sarasota",2022-10-11,13.25,7.5
12117,"Seminole",2022-09-24,30.25,NA
12117,"Seminole",2022-09-25,381.5,30.25
12117,"Seminole",2022-09-26,678.75,381.5
12117,"Seminole",2022-09-27,116.75,678.75
12117,"Seminole",2022-09-28,30077.5,116.75
12117,"Seminole",2022-09-29,1780009,30077.5
12117,"Seminole",2022-09-30,2278900.5,1780009
12117,"Seminole",2022-10-01,1284496,2278900.5
12117,"Seminole",2022-10-02,720199,1284496
12117,"Seminole",2022-10-03,253162.75,720199
12117,"Seminole",2022-10-04,22473,253162.75
12117,"Seminole",2022-10-05,6571.5,22473
12117,"Seminole",2022-10-06,6479.75,6571.5
12117,"Seminole",2022-10-07,3457.5,6479.75
12117,"Seminole",2022-10-08,4910.25,3457.5
12117,"Seminole",2022-10-09,3520.25,4910.25
12117,"Seminole",2022-10-10,3780.25,3520.25
12117,"Seminole",2022-10-11,3833,3780.25
12117,"Seminole",2022-10-12,4154.75,3833
12109,"St. Johns",2022-09-24,195,NA
12109,"St. Johns",2022-09-25,7.75,195
12109,"St. Johns",2022-09-26,103,7.75
12109,"St. Johns",2022-09-27,562.25,103
12109,"St. Johns",2022-09-28,2573.25,562.25
12109,"St. Johns",2022-09-29,218920.5,2573.25
12109,"St. Johns",2022-09-30,244734.25,218920.5
12109,"St. Johns",2022-10-01,9505.75,244734.25
12109,"St. Johns",2022-10-02,1478.5,9505.75
12109,"St. Johns",2022-10-03,990,1478.5
12109,"St. Johns",2022-10-04,6184,990
12109,"St. Johns",2022-10-05,190.75,6184
12109,"St. Johns",2022-10-06,264.25,190.75
12109,"St. Johns",2022-10-07,287.5,264.25
12109,"St. Johns",2022-10-08,119.25,287.5
12109,"St. Johns",2022-10-09,114.75,119.25
12109,"St. Johns",2022-10-10,445,114.75
12109,"St. Johns",2022-10-11,289.5,445
12109,"St. Johns",2022-10-12,51.75,289.5
12111,"St. Lucie",2022-09-24,1419,NA
12111,"St. Lucie",2022-09-25,366,1419
12111,"St. Lucie",2022-09-26,1018.25,366
12111,"St. Lucie",2022-09-27,199.5,1018.25
12111,"St. Lucie",2022-09-28,5691,199.5
12111,"St. Lucie",2022-09-29,567768.75,5691
12111,"St. Lucie",2022-09-30,233948,567768.75
12111,"St. Lucie",2022-10-01,41424.75,233948
12111,"St. Lucie",2022-10-02,5511.75,41424.75
12111,"St. Lucie",2022-10-03,2172.75,5511.75
12111,"St. Lucie",2022-10-04,150,2172.75
12111,"St. Lucie",2022-10-05,921.25,150
12111,"St. Lucie",2022-10-06,903.25,921.25
12111,"St. Lucie",2022-10-07,382.75,903.25
12111,"St. Lucie",2022-10-08,51.25,382.75
12111,"St. Lucie",2022-10-09,784.5,51.25
12111,"St. Lucie",2022-10-10,484.25,784.5
12111,"St. Lucie",2022-10-11,205.5,484.25
12111,"St. Lucie",2022-10-12,2075.25,205.5
12119,"Sumter",2022-09-24,19.25,NA
12119,"Sumter",2022-09-25,2.25,19.25
12119,"Sumter",2022-09-26,65.75,2.25
12119,"Sumter",2022-09-27,83.25,65.75
12119,"Sumter",2022-09-28,811,83.25
12119,"Sumter",2022-09-29,61322,811
12119,"Sumter",2022-09-30,1418.75,61322
12119,"Sumter",2022-10-01,187,1418.75
12119,"Sumter",2022-10-02,557,187
12119,"Sumter",2022-10-03,154.25,557
12119,"Sumter",2022-10-04,22,154.25
12119,"Sumter",2022-10-05,13.75,22
12119,"Sumter",2022-10-06,83,13.75
12119,"Sumter",2022-10-07,11,83
12119,"Sumter",2022-10-08,33,11
12119,"Sumter",2022-10-09,35,33
12119,"Sumter",2022-10-10,1968.75,35
12119,"Sumter",2022-10-11,152,1968.75
12119,"Sumter",2022-10-12,489.25,152
12121,"Suwannee",2022-09-24,23.75,NA
12121,"Suwannee",2022-09-25,91,23.75
12121,"Suwannee",2022-09-26,30.75,91
12121,"Suwannee",2022-09-27,7.25,30.75
12121,"Suwannee",2022-09-28,982,7.25
12121,"Suwannee",2022-09-29,2074.25,982
12121,"Suwannee",2022-09-30,254.25,2074.25
12121,"Suwannee",2022-10-01,62,254.25
12121,"Suwannee",2022-10-02,599.5,62
12121,"Suwannee",2022-10-03,72.5,599.5
12121,"Suwannee",2022-10-04,115,72.5
12121,"Suwannee",2022-10-05,153.25,115
12121,"Suwannee",2022-10-06,8.75,153.25
12121,"Suwannee",2022-10-07,43,8.75
12121,"Suwannee",2022-10-08,46.75,43
12121,"Suwannee",2022-10-09,72.75,46.75
12121,"Suwannee",2022-10-10,19,72.75
12121,"Suwannee",2022-10-11,113.5,19
12121,"Suwannee",2022-10-12,17,113.5
12123,"Taylor",2022-09-24,0,NA
12123,"Taylor",2022-09-26,0.75,0
12123,"Taylor",2022-09-28,19.75,0.75
12123,"Taylor",2022-09-29,22.25,19.75
12123,"Taylor",2022-09-30,2,22.25
12123,"Taylor",2022-10-01,5565,2
12123,"Taylor",2022-10-02,248.75,5565
12123,"Taylor",2022-10-03,0.5,248.75
12123,"Taylor",2022-10-04,5,0.5
12123,"Taylor",2022-10-05,3.5,5
12123,"Taylor",2022-10-07,0.25,3.5
12123,"Taylor",2022-10-08,7.5,0.25
12123,"Taylor",2022-10-09,370.75,7.5
12123,"Taylor",2022-10-10,1.25,370.75
12123,"Taylor",2022-10-11,1.5,1.25
12123,"Taylor",2022-10-12,5.25,1.5
12125,"Union",2022-09-25,0,NA
12125,"Union",2022-09-26,0,0
12125,"Union",2022-09-27,0,0
12125,"Union",2022-09-28,268.25,0
12125,"Union",2022-09-29,4158.75,268.25
12125,"Union",2022-09-30,152.5,4158.75
12125,"Union",2022-10-01,288.5,152.5
12125,"Union",2022-10-02,1.75,288.5
12125,"Union",2022-10-03,2.5,1.75
12125,"Union",2022-10-04,3.5,2.5
12125,"Union",2022-10-07,2,3.5
12125,"Union",2022-10-08,0,2
12125,"Union",2022-10-09,0.5,0
12125,"Union",2022-10-10,4.5,0.5
12125,"Union",2022-10-11,0,4.5
12127,"Volusia",2022-09-24,71.25,NA
12127,"Volusia",2022-09-25,827,71.25
12127,"Volusia",2022-09-26,320.75,827
12127,"Volusia",2022-09-27,1084.5,320.75
12127,"Volusia",2022-09-28,34373,1084.5
12127,"Volusia",2022-09-29,2729755,34373
12127,"Volusia",2022-09-30,4376769,2729755
12127,"Volusia",2022-10-01,2696324.5,4376769
12127,"Volusia",2022-10-02,1619367.25,2696324.5
12127,"Volusia",2022-10-03,748598.5,1619367.25
12127,"Volusia",2022-10-04,102976,748598.5
12127,"Volusia",2022-10-05,36927.25,102976
12127,"Volusia",2022-10-06,37204.25,36927.25
12127,"Volusia",2022-10-07,7172.75,37204.25
12127,"Volusia",2022-10-08,4900.5,7172.75
12127,"Volusia",2022-10-09,2499.25,4900.5
12127,"Volusia",2022-10-10,2552.5,2499.25
12127,"Volusia",2022-10-11,1439.75,2552.5
12127,"Volusia",2022-10-12,2018,1439.75
12129,"Wakulla",2022-09-24,4.5,NA
12129,"Wakulla",2022-09-25,1.5,4.5
12129,"Wakulla",2022-09-26,242.25,1.5
12129,"Wakulla",2022-09-27,27,242.25
12129,"Wakulla",2022-09-28,466.25,27
12129,"Wakulla",2022-09-29,98.25,466.25
12129,"Wakulla",2022-09-30,66.25,98.25
12129,"Wakulla",2022-10-01,13.5,66.25
12129,"Wakulla",2022-10-02,189,13.5
12129,"Wakulla",2022-10-03,80.5,189
12129,"Wakulla",2022-10-04,8.75,80.5
12129,"Wakulla",2022-10-05,7.75,8.75
12129,"Wakulla",2022-10-06,0.5,7.75
12129,"Wakulla",2022-10-07,22.75,0.5
12129,"Wakulla",2022-10-08,846,22.75
12129,"Wakulla",2022-10-09,13.5,846
12129,"Wakulla",2022-10-10,54.5,13.5
12129,"Wakulla",2022-10-11,58.25,54.5
12129,"Wakulla",2022-10-12,133.25,58.25
12131,"Walton",2022-09-24,340,NA
12131,"Walton",2022-09-25,272,340
12131,"Walton",2022-09-26,94,272
12131,"Walton",2022-09-27,86.5,94
12131,"Walton",2022-09-28,671.75,86.5
12131,"Walton",2022-09-29,73,671.75
12131,"Walton",2022-09-30,2205,73
12131,"Walton",2022-10-01,720,2205
12131,"Walton",2022-10-02,145.75,720
12131,"Walton",2022-10-03,410.25,145.75
12131,"Walton",2022-10-04,761.25,410.25
12131,"Walton",2022-10-05,263,761.25
12131,"Walton",2022-10-06,1543.25,263
12131,"Walton",2022-10-07,953.75,1543.25
12131,"Walton",2022-10-08,192.5,953.75
12131,"Walton",2022-10-09,20,192.5
12131,"Walton",2022-10-10,120,20
12131,"Walton",2022-10-11,1499.5,120
12131,"Walton",2022-10-12,30.75,1499.5
12133,"Washington",2022-09-24,1,NA
12133,"Washington",2022-09-25,16,1
12133,"Washington",2022-09-26,1.5,16
12133,"Washington",2022-09-27,20,1.5
12133,"Washington",2022-09-28,22.5,20
12133,"Washington",2022-09-29,0.5,22.5
12133,"Washington",2022-09-30,8.5,0.5
12133,"Washington",2022-10-01,0,8.5
12133,"Washington",2022-10-02,3.75,0
12133,"Washington",2022-10-03,1490.25,3.75
12133,"Washington",2022-10-04,0.5,1490.25
12133,"Washington",2022-10-05,26.25,0.5
12133,"Washington",2022-10-06,5.75,26.25
12133,"Washington",2022-10-07,1.75,5.75
12133,"Washington",2022-10-08,29,1.75
12133,"Washington",2022-10-09,0,29
12133,"Washington",2022-10-10,42.25,0
12133,"Washington",2022-10-11,1.75,42.25
12133,"Washington",2022-10-12,304.5,1.75
