"day","county","max_temp_f","min_temp_f","avg_wind_speed_kts","min_rh","avg_rh","max_rh","max_wind_speed_kts","max_wind_gust_kts"
2020-11-06,"Alachua County",82,67,8.02582,62.615204,89.4441,100,14,21
2020-11-06,"Bay County",81.5,61,6.96309713333333,56.56372,76.95152,95.16605,12,18.2485
2020-11-06,"Bradford County",80.6,68,9.04878,61.58435,91.67042,100,13,19
2020-11-06,"Brevard County",86,66.4,8.2422114,55.044296,75.941434,94.18534,16,20
2020-11-06,"Broward County",84,75,12.4593505,71.73187,81.401817,96.41042,22,30.41417
2020-11-06,"Charlotte County",88,68,9.637823,53.147194,79.84697,96.29225,17,25.200312
2020-11-06,"Citrus County",86,64.4,5.4634147,48.581966,85.070383,100,13,19
2020-11-06,"Collier County",88,68,9.33878333333333,53.147194,80.637202,100,18,25.200312
2020-11-06,"Columbia County",73.4,62.6,4.4118466,82.97585,93.36195,100,10,15
2020-11-06,"Dixie County",83,66,6.2334495,57.570953,83.70177,96.92677,11,16
2020-11-06,"Duval County",80.6,66,8.2445425,65.536865,88.514625,100,18,30
2020-11-06,"Escambia County",82,62,6.4429505,56.29896,71.085345,83.41765,11,14.772596
2020-11-06,"Flagler County",80.6,63.5,3.9233449,65.536865,87.90374,100,10,20
2020-11-06,"Franklin County",80,62,6.376832,68.494095,85.6316,100,12,16.51055
2020-11-06,"Gadsden County",78.8,59,5.5609756,65.32855,84.78058,100,11,16
2020-11-06,"Hendry County",84.6,66.9,9.184669,65.94849,85.721664,99.31468,18,21
2020-11-06,"Hernando County",85,65,7.9776692,51.10379,76.92618,96.903595,13,19.986454
2020-11-06,"Highlands County",84.9,66.2,8.484321,54.267876,83.20636,95.92434,18,21
2020-11-06,"Hillsborough County",88,66.2,7.30498826,43.10064,72.4720154,100,16,21
2020-11-06,"Holmes County",80.1,60.1,4.961057,55.979965,74.32771,86.66759,9,14
2020-11-06,"Indian River County",85,74.3,9.9988025,60.283,72.335643,86.00766,15,22
2020-11-06,"Jackson County",80,59,7.3642707,57.917896,75.76587,89.52252,14,20
2020-11-06,"Lake County",84,66,7.208653,56.751534,84.64144,100,12,19.986454
2020-11-06,"Lee County",87,68,9.550942,58.549393,78.10379,96.29225,18,25.200312
2020-11-06,"Leon County",81,64,6.1479416,56.29896,75.98451,93.53832,12,15.641572
2020-11-06,"Manatee County",87,69,8.676204,49.437626,73.88769,89.85901,16,21.724405
2020-11-06,"Marion County",83,64,6.014675,60.365044,85.850075,100,12,19.117477
2020-11-06,"Martin County",98.6,75.2,11.924042,42.036945,66.50245,83.437645,15,199
2020-11-06,"Miami-Dade County",86,74,10.87856475,63.0984,80.13621375,94.14301,21,31.283144
2020-11-06,"Monroe County",88,74,10.8048386666667,71.73187,81.44305,90.974266,16,31.283144
2020-11-06,"Nassau County",77.4,68,9.885017,86.28301,95.16871,100,18,24
2020-11-06,"Okaloosa County",83,58,5.8158702,52.61694,72.593964,90.398575,14,18.2485
2020-11-06,"Okeechobee County",82.4,64.4,3.261324,65.32855,84.13107,100,10,16
2020-11-06,"Orange County",84,66,8.457083,54.620113,79.38482,100,16,23.462358
2020-11-06,"Osceola County",82.9,69.1,7.5090528,64.68674,82.19418,96.29225,15,20
2020-11-06,"Palm Beach County",86,73.4,12.73832475,58.315598,74.020496,88.668915,18,28
2020-11-06,"Pasco County",86,62.2,7.630662,50.93991,80.38881,97.59038,15,19
2020-11-06,"Pinellas County",85,68,8.67637033333333,48.318848,78.2888433333333,96.322716,17,18.2485
2020-11-06,"Polk County",86,64,8.44195925,54.798595,78.69512875,100,16,20
2020-11-06,"Santa Rosa County",82,59,6.33614475,55.979965,73.447782,84.55897,12,17
2020-11-06,"Sarasota County",86,68,11.094077,51.724586,77.20118,94.10022,17,23
2020-11-06,"Seminole County",84,69,7.4096303,56.23738,76.360214,93.37325,15,21.724405
2020-11-06,"St. Johns County",79,67,7.208914,69.06545,89.38232,96.322716,21,24.331335
2020-11-06,"St. Lucie County",82,74,8.14515,69.18237,80.670845,96.38104,15,26.069286
2020-11-06,"Suwannee County",80.6,62.6,3.7909408,57.842686,91.04324,100,9,12
2020-11-06,"Volusia County",83.7,65.8,3.7641388,62.099277,82.7876433333333,100,15,19.986454
2020-11-06,"Walton County",77.7,59.9,4.0696864,58.803955,74.20421,87.88254,10,16
2020-11-07,"Alachua County",85,67,8.470342,59.21356,85.567314,100,15,29
2020-11-07,"Bay County",83.7,63.9,7.8121557,61.807594,80.8598183333333,94.59413,13,17.379524
2020-11-07,"Bradford County",82.4,68,8.449477,54.551235,88.8253,100,16,28
2020-11-07,"Brevard County",84.2,73.4,13.4854598,58.315598,73.4841168,93.55792,22,30
2020-11-07,"Broward County",83,70,15.6718115,74.068855,85.7661435,100,31,42.579834
2020-11-07,"Charlotte County",85,72,12.081647,67.617035,86.16895,96.99354,20,33.0211
2020-11-07,"Citrus County",87.8,69.8,7.2700348,42.795868,80.0286905,100,17,24
2020-11-07,"Collier County",82.4,69.8,10.1782456666667,69.897545,87.1981,96.99354,23,30
2020-11-07,"Columbia County",78.8,64.4,4.9895473,61.13273,90.203094,100,10,21
2020-11-07,"Dixie County",86,66,6.414634,53.84849,82.47872,100,11,20
2020-11-07,"Duval County",86,67,8.54361476,54.551235,83.78802,100,20,30
2020-11-07,"Escambia County",80,65,7.3275028,64.451225,76.717775,87.23564,12,14.772596
2020-11-07,"Flagler County",82.4,67.1,8.665505,65.74351,79.716064,98.97787,17,23
2020-11-07,"Franklin County",84,65,8.7020235,65.026215,84.196,100,12,22
2020-11-07,"Gadsden County",80.6,66.2,5.794425,69.71026,88.29705,100,11,18
2020-11-07,"Hendry County",81.3,71.4,10.306621,74.664314,89.24011,97.98676,16,22
2020-11-07,"Hernando County",87,70,11.571528,49.624676,73.45883,93.4268,20,27
2020-11-07,"Highlands County",81.9,70.7,9.815331,69.752014,90.307434,97.644,20,24
2020-11-07,"Hillsborough County",87.8,69.8,10.45404014,46.418087,72.002386,100,21,28
2020-11-07,"Indian River County",82.4,73,15.3972315,67.05904,78.414575,89.22109,22,33.0211
2020-11-07,"Jackson County",81,65,8.331472,64.136,79.93479,90.642,12,19.117477
2020-11-07,"Lake County",86,70,9.447313,49.624676,80.255844,100,17,25.200312
2020-11-07,"Lee County",82,69,10.1992325,64.68674,86.2459425,97.016945,20,33.0211
2020-11-07,"Leon County",82,70,7.0635033,66.61727,80.85296,89.93965,12,21.724405
2020-11-07,"Levy County",85.6,69.1,7.707317,77.263245,78.64828,90.81034,11,19
2020-11-07,"Manatee County",86,73,12.6608515,60.814526,78.809715,93.77152,19,30.41417
2020-11-07,"Marion County",86,69,7.6477985,54.620113,81.20048,100,15,23
2020-11-07,"Martin County",80.6,77,19.76446,65.536865,74.525604,83.437645,120,32
2020-11-07,"Miami-Dade County",83,70,12.5647275,66.61727,83.356285,100,30,41
2020-11-07,"Monroe County",84,71,12.1395676666667,72.10829,88.7584733333333,100,24,37
2020-11-07,"Nassau County",81.3,68,9.372823,71.39513,91.37637,100,16,19
2020-11-07,"Okaloosa County",81,61.7,6.31924574,61.3594,78.85404,94.84167,11,17.379524
2020-11-07,"Okeechobee County",80.6,69.8,4.641115,69.71026,91.17216,100,12,24
2020-11-07,"Orange County",86,71,12.3852055,54.77119,75.826945,96.322716,21,30
2020-11-07,"Osceola County",84.9,71.6,11.539694,60.952366,79.38381,100,19,27
2020-11-07,"Palm Beach County",83,71.6,16.5862145,67.177505,78.076055,94.18534,24,33.0211
2020-11-07,"Pasco County",87.1,68,9.777003,49.466545,75.90885,96.299904,16,23
2020-11-07,"Pinellas County",84,69.8,11.588676,51.212227,78.72508,100,19,31
2020-11-07,"Polk County",84.9,70,11.242743125,54.798595,77.1891375,100,20,28.676216
2020-11-07,"Santa Rosa County",79,62.1,6.428687,66.39086,79.9774475,90.247734,12,16
2020-11-07,"Sarasota County",84.2,73.4,13.132404,62.02914,84.41083,94.14301,18,33
2020-11-07,"Seminole County",86,70,11.1130495,49.624676,72.58101,93.4268,20,28
2020-11-07,"St. Johns County",81,68,9.478413,69.18237,83.298164,100,15,24.331335
2020-11-07,"St. Lucie County",80,70,13.510817,76.36474,85.49884,100,28,42
2020-11-07,"Suwannee County",82.4,66.2,5.5191636,61.807594,91.97962,100,11,17
2020-11-07,"Volusia County",84.6,68.4,7.4169915,55.12539,77.4942096666667,100,22,29
2020-11-07,"Walton County",76.6,63,2.8989546,68.569305,81.70016,90.31077,10,14
2020-11-08,"Alachua County",82,68,10.006978,62.1666,86.99851,100,18,26.069286
2020-11-08,"Bay County",85,67.1,9.548206,54.798595,76.929422,94.60747,16,22.593382
2020-11-08,"Bradford County",82.4,68,10.163763,58.07999,90.09218,100,18,27
2020-11-08,"Brevard County",82.4,72.5,15.469362,63.81891,76.362706,97.04129,26,43
2020-11-08,"Broward County",79,73,19.70359375,81.55377,94.1978275,100,32,49
2020-11-08,"Charlotte County",77,73,15.285416,84.57616,90.48969,97.016945,26,38
2020-11-08,"Citrus County",84.2,69.8,8.393728,54.551235,83.6168825,100,17,26
2020-11-08,"Collier County",80,69.8,15.2028066666667,81.89149,91.88157,100,27,34
2020-11-08,"Columbia County",80.6,68,7.003489,61.58435,86.36796,100,16,23
2020-11-08,"Dixie County",86,68,8.672474,60.062073,81.79322,96.948425,15,24
2020-11-08,"Duval County",86,68,9.6467173,51.724586,83.500988,100,20,34
2020-11-08,"Escambia County",85,69,8.3970498,52.71415,69.15524,89.85901,14,20
2020-11-08,"Flagler County",82.4,73,11.605735,65.74351,78.918655,89.70841,15,25
2020-11-08,"Franklin County",84,68,9.482903,56.506313,79.49112,100,16,28
2020-11-08,"Gadsden County",82.4,66.2,7.1707315,58.07999,84.26635,100,13,21
2020-11-08,"Hendry County",76.3,70.3,17.076654,89.22956,94.432434,100,27,35
2020-11-08,"Hernando County",86,71,12.073273,54.89434,74.599945,90.32327,19,31.283144
2020-11-08,"Highlands County",77.4,71.1,13.965157,79.30229,90.409164,96.986084,24,34
2020-11-08,"Hillsborough County",84.2,72.5,11.7311508,51.0819,74.419445,100,26,33
2020-11-08,"Holmes County",83,69,7.0097356,56.23738,75.27796,86.48417,11,17
2020-11-08,"Indian River County",80,73,18.8389005,66.61727,81.91864,93.52941,28,39.10393
2020-11-08,"Jackson County",84,67,10.704117,52.928852,77.061165,90.400345,15,24
2020-11-08,"Lake County",81,72,11.082345,66.61727,81.1291,96.678116,17,27
2020-11-08,"Lee County",77,71,14.33217025,84.45763,92.889495,100,23,38.234955
2020-11-08,"Leon County",85,69,8.905792,54.77119,75.94672,89.89542,14,22.593382
2020-11-08,"Levy County",82,68.2,8.240418,57.935173,82.733925,95.29061,14,21
2020-11-08,"Manatee County",83,75,14.202373,62.615204,78.5929,85.08769,22,34
2020-11-08,"Marion County",83,69,7.9727464,60.283,83.25902,96.99354,19,28
2020-11-08,"Martin County",80.6,75.2,21.27108,65.536865,80.63071,88.668915,29,42
2020-11-08,"Miami-Dade County",79,73,17.846874,78.62098,90.7240565,100,35,45
2020-11-08,"Monroe County",83,73,14.3410093333333,76.526184,89.3862,100,23,37
2020-11-08,"Nassau County",81.5,71.6,11.672474,77.937805,93.08391,100,16,22
2020-11-08,"Okaloosa County",84.2,66.6,7.93085312,51.469208,74.8411,93.96902,15,24
2020-11-08,"Okeechobee County",77,71.6,8.515679,78.47891,93.22793,100,17,28
2020-11-08,"Orange County",81,70,14.3328685,69.18237,80.7879425,96.99354,20,31
2020-11-08,"Osceola County",80.1,71.6,12.956128,71.72483,85.245834,100,18,29
2020-11-08,"Palm Beach County",86,73.4,21.2597435,74.151726,90.49169125,100,38,48
2020-11-08,"Pasco County",83.7,72,11.055749,60.72648,79.35288,90.29628,17,27
2020-11-08,"Pinellas County",84,71.6,13.9075756666667,54.30221,78.8979736666667,93.79415,25,32.152122
2020-11-08,"Polk County",80,71.6,13.471705,65.32855,82.98763,100,60,28
2020-11-08,"Sarasota County",80.6,75.2,16.271776,69.71026,85.5075,88.668915,23,33
2020-11-08,"Seminole County",81,72,13.462666,64.136,75.92385,93.4268,19,28.676216
2020-11-08,"St. Johns County",81,74,12.938023,69.27759,81.558525,90.974266,17,27
2020-11-08,"St. Lucie County",78,72,15.288904,76.193085,91.470085,100,25,43
2020-11-08,"Suwannee County",82.4,69.8,6.8083625,57.842686,88.637184,100,12,19
2020-11-08,"Volusia County",82,72.1,9.57821325,68.95632,80.96831,97.016945,21,30.41417
2020-11-08,"Walton County",81.3,66.7,8.139373,56.14276,77.9054,91.04262,15,21
2020-11-09,"Alachua County",80,72,10.668528,79.10189,95.62343,100,20,30.41417
2020-11-09,"Bay County",84,69.1,11.7455043333333,60.952366,77.59428,94.01811,21,29
2020-11-09,"Bradford County",78.8,71.6,12.365853,78.62098,95.62837,100,22,30
2020-11-09,"Brevard County",82.4,74,16.471568,73.9485,87.462904,100,26,41
2020-11-09,"Broward County",85,75,19.35118625,74.44338,89.15389,100,30,40
2020-11-09,"Charlotte County",82,74,13.924634,79.39962,90.49111,100,23,36.497
2020-11-09,"Citrus County",77,71.6,8.9198607,78.335495,95.833275,100,16,24
2020-11-09,"Collier County",87,73.4,14.1720653333333,69.685555,90.89569,100,24,47
2020-11-09,"Columbia County",80.6,71.6,8.058619,69.71026,87.171875,100,14,23
2020-11-09,"Dixie County",81,73,9.268292,74.07809,89.3228,97.66822,16,25
2020-11-09,"Duval County",82.4,72,15.0910362,65.74351,82.112764,94.14301,110,35
2020-11-09,"Escambia County",86,69,9.4710468,54.89434,73.941028,92.705696,15,22
2020-11-09,"Flagler County",78.8,71.6,14.219512,78.7788,91.31091,100,19,28
2020-11-09,"Franklin County",86,70,11.597348,61.064674,81.79681,96.322716,17,29.545193
2020-11-09,"Gadsden County",82.4,69.8,9.167248,65.74351,81.60552,100,14,23
2020-11-09,"Hendry County",86,73.8,15.707317,70.26737,88.90276,100,24,31
2020-11-09,"Hernando County",84,73,11.383112,72.10829,87.467186,94.14301,20,29
2020-11-09,"Highlands County",84.4,73.8,14.620209,74.44338,89.49401,95.730316,22,28
2020-11-09,"Hillsborough County",87,74.8,11.6960884,61.20137,81.520376,100,29,42
2020-11-09,"Holmes County",84,71,7.8741307,56.506313,73.39832,86.58971,11,20
2020-11-09,"Indian River County",84,76,17.1770095,74.2799,83.6770825,92.353714,24,41
2020-11-09,"Jackson County",83,70,13.056525,60.283,75.48992,89.89542,18,29.545193
2020-11-09,"Lake County",77,74,9.741102,84.57616,97.159744,100,17,25.200312
2020-11-09,"Lee County",83,72,14.4309145,71.777084,90.13837,100,25,38.234955
2020-11-09,"Leon County",83,72,10.0034895,64.68674,76.49142,93.77152,14,23.462358
2020-11-09,"Levy County",77.7,73,8.480836,78.47891,90.73184,96.69035,14,23
2020-11-09,"Manatee County",83,75,13.684578,77.11626,83.91935,90.73938,23,33.0211
2020-11-09,"Marion County",76,73,10.241789,81.95878,94.111244,100,15,29
2020-11-09,"Martin County",82.4,73.4,17.988153,74.2799,81.51471,94.10022,26,36
2020-11-09,"Miami-Dade County",85,74,15.58858625,76.526184,88.517619,100,28,43.44881
2020-11-09,"Monroe County",90,74,15.7404043333333,63.362026,84.29346,100,25,40
2020-11-09,"Nassau County",81.9,72.3,14.184669,80.12632,93.41307,100,21,30
2020-11-09,"Okaloosa County",85.1,67.1,7.96219912,56.653347,75.0179484,93.96902,16,27
2020-11-09,"Okeechobee County",82.4,71.6,7.970711,74.2799,89.91186,100,14,25
2020-11-09,"Orange County",82,75,15.6528265,76.790886,89.7703725,100,22,32.152122
2020-11-09,"Osceola County",80.1,75.2,14.640669,81.55377,92.52985,100,19,32
2020-11-09,"Palm Beach County",86,73.4,17.0443645,66.15182,87.0595175,100,29,40
2020-11-09,"Pasco County",84,74.1,10.682927,74.74544,86.460625,94.80807,18,25
2020-11-09,"Pinellas County",83,73.4,12.4140923333333,69.897545,86.4573933333333,100,25,36.497
2020-11-09,"Polk County",84.2,75,13.5235535,74.2799,85.52414625,100,24,35
2020-11-09,"Santa Rosa County",85,66.9,7.83939,60.814526,77.963105,93.28895,17,22
2020-11-09,"Sarasota County",80.6,75.2,14.902439,83.437645,88.95418,94.18534,26,40
2020-11-09,"Seminole County",79,75,15.568737,73.88337,86.9917,94.14301,24,37
2020-11-09,"St. Johns County",80,74,18.871866,76.36474,84.932846,94.14301,27,33.0211
2020-11-09,"St. Lucie County",83,74,19.112955,79.46747,84.25398,93.60928,24,38.234955
2020-11-09,"Suwannee County",82.4,71.6,8.358885,65.74351,88.98226,100,13,21
2020-11-09,"Volusia County",79,73,10.70607725,80.42682,91.4839946666667,100,23,36
2020-11-09,"Walton County",80.4,68.4,8.038327,63.950275,77.998146,90.45811,14,22
2020-11-10,"Alachua County",84,72,7.65806,76.69446,95.14203,100,19,32.152122
2020-11-10,"Bay County",86,73.4,7.46341463333333,66.15182,84.4077446666667,94.10022,15,20.85543
2020-11-10,"Bradford County",84.2,73.4,8.529616,79.039246,97.252945,100,13,21
2020-11-10,"Brevard County",84.2,72,10.36490306,65.94849,88.319522,100,21,36.497
2020-11-10,"Broward County",86,76,14.33513625,78.98865,87.2719685,100,21,32.152122
2020-11-10,"Charlotte County",85,74,11.207257,71.73187,89.04117,100,24,33.0211
2020-11-10,"Citrus County",87.8,73.4,6.010453,62.467205,92.013695,100,14,23
2020-11-10,"Collier County",89,75.2,10.94261925,67.27328,85.33514,100,31,40
2020-11-10,"Columbia County",84.2,71.6,5.553696,74.44338,93.44845,100,12,23
2020-11-10,"Dixie County",88,73,6.0592337,65.888954,88.556335,97.01572,11,17.379524
2020-11-10,"Duval County",86,71.6,8.96461854,70.26737,91.461794,100,18,27
2020-11-10,"Escambia County",84,73,6.61525585,69.71293,84.138555,97.016945,14,18
2020-11-10,"Flagler County",82.4,75.2,10.014134,78.90113,91.16048,95.44387,18,20
2020-11-10,"Franklin County",85,74,9.794836,71.73187,86.6004,100,15,25.200312
2020-11-10,"Gadsden County",86,71.6,5.87108,66.15182,90.901726,100,10,17
2020-11-10,"Hendry County",86.5,73.6,11.12892,68.128654,89.14909,97.695854,20,25
2020-11-10,"Hernando County",89,73,9.502442,55.315365,81.53506,97.016945,17,40
2020-11-10,"Highlands County",85.1,73.8,10.327526,69.14529,89.2354,96.37364,22,28
2020-11-10,"Hillsborough County",89,75.2,8.941562,51.649754,77.150186,100,20,29
2020-11-10,"Indian River County",84,71.8,11.854292,79.346634,87.419835,92.81694,20,30
2020-11-10,"Jackson County",84,72,8.4556875,69.71293,84.626076,93.79415,15,22.593382
2020-11-10,"Lake County",84,73,8.396371,74.24337,93.86538,100,19,29.545193
2020-11-10,"Lee County",87,74,11.36566625,59.092064,86.297102,100,29,40
2020-11-10,"Leon County",87,73,7.6831822,63.01707,86.01512,97.016945,14,27
2020-11-10,"Manatee County",88,75,12.166783,65.26648,83.48705,90.172104,25,38.234955
2020-11-10,"Marion County",86,73,7.1313767,72.30214,92.843704,100,12,22.593382
2020-11-10,"Martin County",82.4,73.4,11.216724,78.90113,84.26433,94.14301,17,26
2020-11-10,"Miami-Dade County",86.2,74.7,12.710905875,74.2799,85.7261075,97.07845,22,39
2020-11-10,"Monroe County",89,79,16.0172133333333,71.92741,83.1966836666667,90.29109,23,33
2020-11-10,"Nassau County",81.1,72.3,9.080139,93.655,98.11967,100,14,19
2020-11-10,"Okaloosa County",85,72,6.0324226,65.94849,84.732282,100,12,16.51055
2020-11-10,"Okeechobee County",86,71.6,1.8675958,69.897545,90.788284,100,13,25
2020-11-10,"Orange County",85,75,10.6336355,65.257545,87.804665,100,20,29
2020-11-10,"Osceola County",84.2,75.2,8.908774,74.42529,91.27712,100,15,15
2020-11-10,"Palm Beach County",87.8,71.6,12.0983895,66.15182,86.814075,100,22,37
2020-11-10,"Pasco County",86.5,73.4,8.487804,59.262775,83.21502,96.69035,16,26
2020-11-10,"Pinellas County",88,76,9.63099283333333,58.549522,83.44195,96.41042,16,27
2020-11-10,"Polk County",85,73.4,9.7639125,65.94849,84.6603515,100,18,27
2020-11-10,"Sarasota County",87.8,75.2,11.264809,66.15182,86.78002,94.18534,17,27
2020-11-10,"Seminole County",83,75,9.37753,69.61913,87.07005,97.04129,19,28
2020-11-10,"St. Johns County",82,75,10.647633,84.866806,91.878716,96.41042,16,25.200312
2020-11-10,"St. Lucie County",83,72,12.76134,81.82045,90.42992,100,19,30
2020-11-10,"Suwannee County",86,73.4,4.5052266,70.26737,97.06836,100,8,11
2020-11-10,"Volusia County",83.5,71.8,6.02913925,81.242195,93.3753166666667,100,15,33
2020-11-11,"Alachua County",81,73,7.028611,87.6745,96.95046,100,16,28
2020-11-11,"Bay County",86,71.6,5.65171403333333,65.58258,87.3212033333333,100,15,18
2020-11-11,"Bradford County",82.4,73.4,7.8083625,83.772194,97.321724,100,14,24
2020-11-11,"Brevard County",86,75,12.565911,73.08644,86.7117208,100,24,33.0211
2020-11-11,"Broward County",85,74,13.50976925,72.30214,86.246731,100,21,30
2020-11-11,"Charlotte County",79,75,17.153524,79.17114,91.61247,100,26,52
2020-11-11,"Citrus County",78.8,73.4,6.1829269,78.47891,94.7051275,100,17,28
2020-11-11,"Collier County",84.2,75.2,14.788206,70.083244,85.82323,96.41042,26,48
2020-11-11,"Columbia County",80.6,71.6,4.1095605,83.66177,92.745094,100,10,14
2020-11-11,"Dixie County",82,74,6.1149826,80.71528,92.03664,100,12,17.379524
2020-11-11,"Duval County",84.2,75,8.7928747,74.44338,90.402758,100,19,29
2020-11-11,"Escambia County",87,72,5.0341712,69.59207,90.4484255,100,8,13.90362
2020-11-11,"Flagler County",80.6,76.3,9.9790945,83.66177,89.73521,95.44387,15,23
2020-11-11,"Franklin County",85,75,7.8660154,62.857838,87.11485,100,14,20.85543
2020-11-11,"Gadsden County",86,73.4,3.804878,65.94849,94.84525,100,12,18
2020-11-11,"Hendry County",84.4,73.9,13.679442,79.482506,90.69577,96.41042,24,32
2020-11-11,"Hernando County",79,73,11.858733,81.95878,89.93632,96.678116,28,46
2020-11-11,"Highlands County",83.1,71.1,12.487804,76.048065,88.15267,97.674934,20,30
2020-11-11,"Hillsborough County",80.6,73.4,12.7389162,76.193085,88.031318,100,30,43
2020-11-11,"Holmes County",89,71,2.5904033,57.427124,85.000755,96.99354,11,16
2020-11-11,"Indian River County",85.1,74.7,13.1635535,74.42529,84.5240875,93.50594,23,33.0211
2020-11-11,"Jackson County",86,71,4.5059314,65.26648,88.483864,97.016945,15,21.724405
2020-11-11,"Lake County",84,75,10.182834,72.10829,91.50219,100,18,30
2020-11-11,"Lee County",82,75,14.4724355,69.61913,86.3739205,100,25,46.05574
2020-11-11,"Leon County",86,73,6.277041,58.95082,88.0257,100,15,25.200312
2020-11-11,"Levy County",78.8,75.9,5.487805,78.62098,85.82403,89.825714,11,22
2020-11-11,"Manatee County",79,76,20.189114,86.949745,90.95512,93.55792,33,47
2020-11-11,"Marion County",80,73,7.8595386,83.55026,92.4323,100,15,21
2020-11-11,"Martin County",86,75.2,17.53101,62.249004,77.737625,88.668915,132,30
2020-11-11,"Miami-Dade County",86,73,12.29037675,72.10829,86.85389275,100,23,32
2020-11-11,"Monroe County",88,74,16.5210513333333,69.799286,81.95058,100,30,39.10393
2020-11-11,"Nassau County",79.7,75.2,8.170732,97.72393,99.89528,100,17,22
2020-11-11,"Okaloosa County",86.5,71.2,4.5238692,62.857838,86.192249,100,12,15
2020-11-11,"Okeechobee County",84.2,73.4,7.6864114,69.897545,84.46431,88.668915,15,24
2020-11-11,"Orange County",86,74,11.3387995,67.27328,88.08053,100,17,29
2020-11-11,"Osceola County",86,75,11.358635,74.42529,89.847984,96.42644,18,26
2020-11-11,"Palm Beach County",86,73.4,12.38478925,66.15182,83.3728525,100,25,32
2020-11-11,"Pasco County",79.9,73,11.069686,81.76877,90.82552,95.10573,20,29
2020-11-11,"Pinellas County",78,71.6,17.0882546666667,83.209045,93.4750866666667,100,36,50.400623
2020-11-11,"Polk County",83,71.6,12.269827375,67.617035,88.9677045,100,23,36.497
2020-11-11,"Sarasota County",78.8,75.2,18.804878,88.74824,94.72478,100,32,50
2020-11-11,"Seminole County",84,74,12.915562,71.73187,84.37372,96.41042,24,35
2020-11-11,"St. Johns County",81,76,9.734679,83.66177,91.583916,100,14,21
2020-11-11,"St. Lucie County",85,75,13.285416,76.69446,87.03201,97.04129,22,33
2020-11-11,"Suwannee County",84.2,73.4,2.7979095,74.114944,95.87428,100,8,11
2020-11-11,"Volusia County",82.6,72.7,6.5871546,77.3499,89.6623733333333,97.07845,18,26
2020-11-12,"Alachua County",79,67,11.008363,86.949745,96.48017,100,23,37.36598
2020-11-12,"Bay County",84,62,8.34237633333333,56.163116,82.1104246666667,96.99354,15,19.986454
2020-11-12,"Bradford County",77,68,11.010453,83.437645,98.516655,100,21,31
2020-11-12,"Brevard County",86,73,10.6079178,58.315598,86.1625292,100,19,28
2020-11-12,"Broward County",84,76,5.850522625,81.82045,94.228345,100,14,24.331335
2020-11-12,"Charlotte County",85,74,9.164084,69.59207,86.98303,97.04129,17,25.200312
2020-11-12,"Citrus County",80.6,69.8,7.2229965,78.47891,95.288435,100,19,29
2020-11-12,"Collier County",86,73.4,5.7881535,66.15182,87.668362,100,14,19.986454
2020-11-12,"Columbia County",80.6,66.2,7.2233076,74.114944,90.30435,100,15,23
2020-11-12,"Dixie County",81,67,7.6271777,78.46552,92.1077,100,13,20
2020-11-12,"Duval County",80.6,69,10.8557235,78.62098,89.4110388,100,31,40
2020-11-12,"Escambia County",81,60,8.14175765,57.50355,79.457198,96.678116,13,19.986454
2020-11-12,"Flagler County",78.8,72.5,9.709678,78.62098,91.36869,100,16,25
2020-11-12,"Franklin County",85,66,7.826481,65.257545,87.74148,100,13,17.379524
2020-11-12,"Gadsden County",80.6,64.4,5.7212543,69.71026,91.40132,100,11,18
2020-11-12,"Hendry County",85.8,72,8.675959,69.0076,87.63014,98.98932,15,19
2020-11-12,"Hernando County",83,71,11.583275,71.777084,87.48646,97.016945,26,40
2020-11-12,"Highlands County",87.8,72.9,10.278746,59.849457,86.28513,96.02547,18,23
2020-11-12,"Hillsborough County",84,72.7,9.59190714,65.13056,85.751186,100,29,40
2020-11-12,"Holmes County",83,60,4.184979,58.43191,82.66719,93.40279,9,16
2020-11-12,"Indian River County",87,73.4,9.264809,65.36098,83.268315,95.39362,19,27
2020-11-12,"Jackson County",84,61,6.61115,58.09791,83.165855,96.9686,11,19.986454
2020-11-12,"Lake County",82,72,11.50662,76.6996,93.21481,100,22,38.234955
2020-11-12,"Lee County",84,73,7.6940138,67.617035,85.57808,100,17,22
2020-11-12,"Leon County",83,66,7.5205574,64.68674,86.020546,97.016945,13,19.117477
2020-11-12,"Levy County",81.3,66.6,9.972125,79.20947,90.69616,98.62314,24,33
2020-11-12,"Manatee County",83,77,9.655052,79.46747,84.95803,90.21457,23,34
2020-11-12,"Marion County",79,68,11.241115,83.55026,93.21099,100,21,31.283144
2020-11-12,"Martin County",84.2,73.4,6.3108015,65.94849,80.90053,94.10022,13,20
2020-11-12,"Miami-Dade County",86.5,73,4.889081975,74.44338,91.591665,100,19,25.200312
2020-11-12,"Monroe County",94,76,5.987436,69.799286,85.41028,100,13,18.2485
2020-11-12,"Nassau County",79,71.6,12.620209,90.819565,97.85618,100,23,36
2020-11-12,"Okaloosa County",85.1,56.7,8.55073456,50.650837,78.3902048,100,15,18.2485
2020-11-12,"Okeechobee County",86,71.6,7.1672473,62.249004,84.267,100,15,20
2020-11-12,"Orange County",84,73,11.88432025,69.59207,89.02071,100,19,27
2020-11-12,"Osceola County",82.9,73.9,10.575905,83.66177,92.48392,100,17,28
2020-11-12,"Palm Beach County",89.6,75.2,6.906641475,59.012367,87.80574475,100,14,23.462358
2020-11-12,"Pasco County",81.9,70.9,10.463414,78.193306,89.90586,96.97986,23,38
2020-11-12,"Pinellas County",82,71.6,10.5491286666667,79.057945,90.2806776666667,100,28,38
2020-11-12,"Polk County",84.2,73,10.10749125,72.10829,88.248155,100,23,38.234955
2020-11-12,"Santa Rosa County",79,57.9,7.50218,64.21361,83.222908,96.81093,13,19
2020-11-12,"Sarasota County",82.4,73.4,8.689896,83.66177,89.831566,100,18,25
2020-11-12,"Seminole County",85,73,12.266202,67.280304,84.51743,94.14301,18,33.0211
2020-11-12,"St. Johns County",79,74,11.596797,83.437645,90.75959,97.016945,22,35
2020-11-12,"St. Lucie County",87,75,7.918467,67.27328,85.192474,96.41042,15,21.724405
2020-11-12,"Suwannee County",82.4,66.2,5.348432,74.114944,93.38719,100,11,14
2020-11-12,"Volusia County",82.2,72.7,7.8845505,74.114944,89.9955216666667,100,21,34
2020-11-12,"Walton County",78.4,57.7,2.1114984,61.39873,83.84763,96.30601,11,16
2020-11-13,"Alachua County",73,58,2.6165624,87.58521,97.51298,100,7,9.558739
2020-11-13,"Bay County",82.4,55,6.18930183333333,24.91465,68.9881933333333,100,13,16.51055
2020-11-13,"Bradford County",78.8,60.8,2.8292682,73.780556,96.09021,100,9,10
2020-11-13,"Brevard County",84.2,71,5.53628756,60.898804,84.932539,100,11,13.90362
2020-11-13,"Broward County",85,73,3.06707325,67.280304,88.394615,100,11,13.90362
2020-11-13,"Charlotte County",86,69,3.9728222,59.21356,84.76113,100,10,16.51055
2020-11-13,"Collier County",87,71.6,4.06657946666667,58.549522,79.4259466666667,100,9,13.034643
2020-11-13,"Duval County",81,62.6,3.15513396,64.68674,89.04812,100,10,28
2020-11-13,"Escambia County",82,57,6.2230885,33.57606,67.823382,96.15043,11,15.641572
2020-11-13,"Franklin County",82,57,5.3087106,36.267414,77.57995,100,11,17.379524
2020-11-13,"Gadsden County",77,55.4,3.7874565,41.41535,80.96926,100,8,14
2020-11-13,"Hernando County",84,66,4.0898952,60.952366,84.68583,100,11,14.772596
2020-11-13,"Hillsborough County",87,69.6,3.28754672,47.906834,80.3468402,100,12,49
2020-11-13,"Indian River County",83,70.7,5.71289215,71.777084,87.5413175,96.994774,12,19.986454
2020-11-13,"Jackson County",79,56,3.7965157,30.050354,69.77792,93.15526,11,15.641572
2020-11-13,"Lake County",75,68,3.0090592,87.628876,98.06111,100,8,12.165668
2020-11-13,"Lee County",86,70,3.58397205,54.89434,82.167635,100,10,12.165668
2020-11-13,"Leon County",80,56,5.1463413,33.57606,72.9405,96.55186,11,13.90362
2020-11-13,"Manatee County",86,72,4.3414636,63.395924,83.40397,96.38104,11,13.90362
2020-11-13,"Marion County",77,64,2.7806406,79.47427,96.35119,100,8,11.296691
2020-11-13,"Miami-Dade County",86,73,2.595927075,65.26648,90.871897,100,11,19.117477
2020-11-13,"Monroe County",88,74,5.36740426666667,67.6068,87.4016083333333,100,10,20.85543
2020-11-13,"Okaloosa County",81.5,51,4.87461612,31.897427,71.7466486,100,13,19.986454
2020-11-13,"Orange County",81,69,4.4062717,71.34513,87.502233,100,8,11.296691
2020-11-13,"Palm Beach County",87.8,71.6,3.461764675,51.978363,84.7472,100,11,13.90362
2020-11-13,"Pinellas County",84,68,4.5544715,63.156197,86.974256,100,13,15.641572
2020-11-13,"Polk County",84,69.8,4.159407575,65.536865,86.55198475,100,10,19.986454
2020-11-13,"Sarasota County",80.6,69.8,5.5365853,74.114944,89.65276,100,11,14
2020-11-13,"Seminole County",81,70,4.427178,67.177505,85.181274,93.4268,10,14.772596
2020-11-13,"St. Johns County",78,70,4.6532035,79.10189,89.70778,94.05696,9,12.165668
2020-11-13,"St. Lucie County",83,71,2.9156795,74.325455,89.94058,100,8,13.034643
2020-11-13,"Volusia County",83,68.9,3.34938785,65.617424,89.3482166666667,100,12,14.772596
2020-11-14,"Alachua County",79,57,2.692254,60.1099,90.00784,100,9,12.165668
2020-11-14,"Bay County",81,54,5.14715166666667,42.774956,72.4969933333333,95.84726,12,17.379524
2020-11-14,"Bradford County",80.6,59,3.9721255,50.953636,88.34175,100,8,15
2020-11-14,"Brevard County",80,70,6.0964321,74.58258,89.9056172,100,15,17.379524
2020-11-14,"Broward County",84,74,5.10310545,76.526184,88.3539435,100,15,18.2485
2020-11-14,"Charlotte County",87,71,6.7704115,63.0984,86.23962,100,16,22
2020-11-14,"Collier County",87.8,71.6,5.64538896666667,61.20137,87.3178566666667,100,11,19.117477
2020-11-14,"Duval County",84.2,61,3.91695126,48.318848,81.107745,100,10,13.034643
2020-11-14,"Escambia County",78.1,61,7.8259495,51.429405,66.410892,93.40279,12,16.51055
2020-11-14,"Franklin County",76,55,5.064201,57.50355,85.81894,100,13,19.117477
2020-11-14,"Gadsden County",80.6,53.6,2.3867595,41.971546,78.68624,100,7,11
2020-11-14,"Hendry County",84.9,72.5,7.2229967,70.268364,91.34839,100,14,16
2020-11-14,"Hernando County",84,65,5.262387,58.43191,81.23875,96.92933,11,13.034643
2020-11-14,"Hillsborough County",86,67.3,5.492841,54.77119,78.7161538,100,12,15
2020-11-14,"Indian River County",84,69,6.6532287,65.257545,82.207735,96.99354,12,17.379524
2020-11-14,"Jackson County",79,52,2.1193302,40.668427,69.92789,92.92053,8,11.296691
2020-11-14,"Lake County",82,67,5.368458,64.68674,88.9714,100,11,14.772596
2020-11-14,"Lee County",87,72,6.7247035,58.95082,85.22137,100,11,19.117477
2020-11-14,"Leon County",81,52,2.4054432,40.541393,71.69507,93.0668,11,13.90362
2020-11-14,"Manatee County",85,71,7.4124217,63.395924,80.1721,93.77152,13,17.379524
2020-11-14,"Marion County",81,62,3.263452,64.136,89.16426,100,10,12.165668
2020-11-14,"Martin County",84.2,77,8.363067,65.94849,76.40127,83.437645,14,18
2020-11-14,"Miami-Dade County",87.8,72,5.24632125,65.257545,86.50232125,100,11,17.379524
2020-11-14,"Monroe County",93,74,8.377297,69.685555,81.9284746666667,96.42644,13,17.379524
2020-11-14,"Okaloosa County",82,47,4.70003294,31.92855,69.3154532,96.78369,11,14.772596
2020-11-14,"Orange County",83,68,6.90823465,62.277378,85.202005,100,13,22.593382
2020-11-14,"Palm Beach County",89.6,71.6,6.55156925,55.530766,83.58205225,100,14,18.2485
2020-11-14,"Pinellas County",84,68,6.5015565,58.07999,83.79925,100,15,40
2020-11-14,"Polk County",85,68,6.280630625,56.506313,82.5583825,100,13,15.641572
2020-11-14,"Sarasota County",86,71.6,7.651568,66.15182,88.74181,100,13,15
2020-11-14,"Seminole County",82,70,5.811584,62.030624,80.88779,93.37325,13,16.51055
2020-11-14,"St. Johns County",77,64,4.229805,73.677185,88.585266,100,8,11.296691
2020-11-14,"St. Lucie County",84,71,6.2407537,71.777084,83.0219,100,12,19.986454
2020-11-14,"Volusia County",81.1,65.1,3.7296534,62.30897,86.71616,100,13,15.641572
2020-11-15,"Alachua County",84,60,2.3482206,65.257545,92.88893,100,11,15.641572
2020-11-15,"Bay County",83,57,4.66477633333333,51.925587,85.208078,100,12,17.379524
2020-11-15,"Bradford County",84.2,60.8,2.912892,62.02914,90.898994,100,11,15
2020-11-15,"Brevard County",86,72,4.93802434,62.249004,82.249242,100,11,15.641572
2020-11-15,"Broward County",86,72,5.21353795,57.01807,81.0217775,100,11,21.724405
2020-11-15,"Charlotte County",88,72,4.0111656,59.20717,83.86222,100,7,11.296691
2020-11-15,"Collier County",89.6,71.6,3.79867296666667,49.103626,82.665262,100,10,17.379524
2020-11-15,"Columbia County",84.2,62.6,3.4089322,61.807594,87.308426,100,10,14
2020-11-15,"Dixie County",85,61,3.4041812,65.54831,90.009026,100.35491,12,15
2020-11-15,"Duval County",87.8,60.8,4.0466627,55.28835,85.726595,100,16,20
2020-11-15,"Escambia County",85,62,7.7457745,43.92665,63.661375,93.4268,15,21.724405
2020-11-15,"Franklin County",84,59,3.9134684,56.23738,89.39497,100,10,15.641572
2020-11-15,"Gadsden County",82.4,55.4,2.2439024,54.551235,89.25873,100,10,14
2020-11-15,"Hernando County",87,68,4.353514,58.95082,84.633514,96.99354,9,13.90362
2020-11-15,"Hillsborough County",87.8,71.6,3.2261669,51.978363,79.1761212,100,10,15.641572
2020-11-15,"Indian River County",81,70,5.3479325,76.193085,89.24136,100,11,17.379524
2020-11-15,"Jackson County",84,56,4.0502443,50.03228,74.449326,96.878845,10,16.51055
2020-11-15,"Lake County",85,67,2.927425,65.13056,89.155716,100,8,13.90362
2020-11-15,"Lee County",90,72,3.8401955,43.55041,80.8839325,100,10,13.90362
2020-11-15,"Leon County",86,58,2.7878575,52.71415,83.75251,100,11,15.641572
2020-11-15,"Manatee County",85,74,5.7878575,69.59207,84.90091,93.79415,9,13.90362
2020-11-15,"Marion County",86,67,2.733054,63.0984,90.83801,100,6,13.034643
2020-11-15,"Martin County",82.4,73.4,3.3567944,69.897545,83.65186,94.14301,11,14
2020-11-15,"Miami-Dade County",86.4,71,4.875771125,54.77119,81.1120565,100,10,16.51055
2020-11-15,"Monroe County",94,76,8.197953,61.064674,74.1113533333333,87.5789,13,25.200312
2020-11-15,"Nassau County",81.9,63.9,5.0313587,77.486946,94.31497,100,14,16
2020-11-15,"Okaloosa County",85.1,54,6.81638002,40.94443,70.0953062,100,15,21.724405
2020-11-15,"Orange County",86,69,4.777739,62.857838,83.407487,100,10,17.379524
2020-11-15,"Palm Beach County",89.6,73.4,4.0374991,49.103626,82.169399,100,10,15
2020-11-15,"Pinellas County",86,71.6,4.84755153333333,58.315598,85.83514,100,11,16.51055
2020-11-15,"Polk County",88,69.8,2.974063225,55.193634,82.589365,100,9,12.165668
2020-11-15,"Santa Rosa County",84,60,8.200637,51.77772,58.246395,61.999435,17,26
2020-11-15,"Sarasota County",84.2,73.4,5.7630663,70.083244,89.81436,100,9,11
2020-11-15,"Seminole County",86,68,4.4382415,57.163784,81.36491,93.4268,12,22
2020-11-15,"St. Johns County",83,66,4.9331474,69.897545,86.700836,96.99354,11,15.641572
2020-11-15,"St. Lucie County",82,71,3.7243545,82.02644,93.368256,100,12,19.117477
2020-11-15,"Suwannee County",84.2,60.8,1.5609756,58.315598,90.28963,100,9,11
2020-11-15,"Volusia County",86.9,66.7,2.567523675,57.19021,84.244627,100,9,13.034643
2020-11-15,"Walton County",83.7,59.2,3.2334495,49.45066,75.29439,98.59136,11,16
2020-11-16,"Alachua County",78,53,4.9176555,49.031837,72.60334,100,11,16.51055
2020-11-16,"Bay County",73.6,45,9.28664533333333,22.92972,43.8989676666667,86.162994,18,19.117477
2020-11-16,"Bradford County",77,50,4.6689897,32.715034,67.020294,100,11,14
2020-11-16,"Brevard County",82.4,69,6.65394402,61.807594,82.070826,100,15,20
2020-11-16,"Broward County",86,71,4.731681775,57.01807,81.134645,100,11,16.51055
2020-11-16,"Charlotte County",88,71,6.2379622,56.919083,81.66818,100,11,15.641572
2020-11-16,"Collier County",89,68,4.55476223333333,49.72598,79.6040733333333,100,10,15
2020-11-16,"Columbia County",73.4,53.6,4.5962296,35.371956,61.37871,100,12,16
2020-11-16,"Dixie County",78,47,5.2961674,39.567303,72.6973,100,14,16
2020-11-16,"Duval County",80.6,46.4,5.6230904,29.791712,66.7442722,100,18,20.85543
2020-11-16,"Escambia County",72,49,9.0938805,22.815418,38.8555915,60.73043,13,19.117477
2020-11-16,"Flagler County",75.2,59.4,4.255052,60.674168,82.703125,100,10,15
2020-11-16,"Franklin County",76,55,9.591067,22.34878,46.2707,100,15,20.85543
2020-11-16,"Gadsden County",71.6,46.4,5.609756,22.8601,49.85762,87.18501,10,14
2020-11-16,"Hendry County",85.3,68.9,5.5609756,56.017044,86.1407,100,12,14
2020-11-16,"Hernando County",77,63,4.6685276,71.032486,87.033226,100,11,13.034643
2020-11-16,"Highlands County",85.5,67.1,5.8536587,63.552185,85.42954,98.317024,11,15
2020-11-16,"Hillsborough County",86,68,4.18010266,54.77119,80.49108,100,10,16
2020-11-16,"Holmes County",72,44,5.6037736,22.499756,48.28086,89.49497,12,17
2020-11-16,"Indian River County",83,70,6.61948705,74.151726,87.32443,96.994774,16,21
2020-11-16,"Jackson County",71,45,6.115841,19.916094,42.56038,79.12911,10,18.2485
2020-11-16,"Lake County",77,62,4.5659456,73.59218,92.01334,100,9,13.90362
2020-11-16,"Lee County",89,71,5.56420085,49.72598,79.37156,100,12,27
2020-11-16,"Leon County",73,45,7.3398466,19.448833,49.776077,90.400345,12,13.90362
2020-11-16,"Manatee County",86,71,5.9853454,57.163784,78.4881,93.79415,11,14.772596
2020-11-16,"Marion County",79,55,4.2361984,58.037228,85.35066,100,10,14.772596
2020-11-16,"Martin County",82.4,71.6,5.080139,65.74351,82.78253,94.10022,10,14
2020-11-16,"Miami-Dade County",86.5,67,5.219545975,43.240887,78.6874575,100,12,21.724405
2020-11-16,"Monroe County",95,76,8.15119783333333,51.93074,75.572202,87.72512,13,19.117477
2020-11-16,"Nassau County",73.8,59,5.7874565,39.025867,69.12144,94.47648,12,17
2020-11-16,"Okaloosa County",72.3,40,7.6419756,18.049536,42.1263962,85.536026,17,61
2020-11-16,"Okeechobee County",82.4,68,1.0731708,65.74351,87.69068,100,9,16
2020-11-16,"Orange County",82,66,6.2456383,60.1099,81.606438,100,12,17.379524
2020-11-16,"Palm Beach County",89.6,71.6,4.567899,46.142197,82.870575,100,12,20
2020-11-16,"Pasco County",80.2,64.4,4.571429,68.40952,88.41311,98.3079,11,15
2020-11-16,"Pinellas County",83,68,5.91712016666667,57.842686,82.593338,100,12,21.724405
2020-11-16,"Polk County",85,66.2,5.1244743,61.58435,83.995765,100,30,21.724405
2020-11-16,"Santa Rosa County",71.1,42,7.7151163,25.525137,49.1898095,76.40133,13,18
2020-11-16,"Sarasota County",86,71.6,7.0069685,58.549522,82.5336,100,12,14
2020-11-16,"Seminole County",81,67,6.085834,56.225796,77.70796,93.77152,10,14.772596
2020-11-16,"St. Johns County",74,60,6.5689416,55.001213,77.18491,96.9686,11,14.772596
2020-11-16,"St. Lucie County",82,70,3.4836009,78.98865,90.066605,100,9,15
2020-11-16,"Suwannee County",73.4,46.4,2.8013937,23.393297,62.279915,100,8,12
2020-11-16,"Volusia County",79.5,63.5,4.44716695,60.2696,83.2869216666667,100,12,19.117477
2020-11-16,"Walton County",68.2,44.2,4.487805,23.654036,44.239822,79.60152,13,18
2020-11-17,"Alachua County",73,47,5.7955337,26.922277,55.08147,93.05812,10,20.85543
2020-11-17,"Bay County",75,42,8.24546756666667,21.954205,44.637166,88.71353,13,19.986454
2020-11-17,"Bradford County",73.4,42.8,5.3379793,14.79944,54.8501,87.27996,12,19
2020-11-17,"Brevard County",78.8,57,9.23740168,41.001762,61.7996248,93.83344,17,27
2020-11-17,"Broward County",84,70,9.237787825,59.80582,80.373705,100,18,28.676216
2020-11-17,"Charlotte County",81,59,10.098395,39.226837,70.71444,93.28895,17,23
2020-11-17,"Citrus County",75.2,46.4,3.74912895,23.393297,60.02853,100,10,16
2020-11-17,"Collier County",82.4,62.6,10.42801,45.34391,70.8102363333333,94.10022,17,24.331335
2020-11-17,"Dixie County",74,43,5.3101044,21.501514,57.536625,94.02557,16,20
2020-11-17,"Duval County",75.2,41,6.94337412,18.551926,52.6342492,100,16,16.51055
2020-11-17,"Escambia County",75.9,44.1,8.599008,23.350224,39.029369,75.92653,15,24.331335
2020-11-17,"Flagler County",69.8,50.9,5.9268293,30.487286,64.32112,89.82709,13,20
2020-11-17,"Franklin County",76,50,8.172366,20.625088,41.737015,61.810585,18,25.200312
2020-11-17,"Gadsden County",73.4,42.8,5.4947734,24.588013,55.9271,93.34736,13,18
2020-11-17,"Hendry County",80.6,62.8,11.651568,56.91817,75.82659,95.342545,18,24
2020-11-17,"Hernando County",76,46,6.2784367,22.659359,51.741985,86.21415,11,18.2485
2020-11-17,"Highlands County",79.3,58.1,9.560976,42.891758,70.67085,93.60962,16,20
2020-11-17,"Hillsborough County",78.8,51.8,6.25138818,24.40083,52.508972,100,14,19.986454
2020-11-17,"Holmes County",76,40,3.9638386,22.057516,54.31736,92.61712,11,17
2020-11-17,"Indian River County",79,62.6,11.3950995,50.85981,63.508785,82.38702,17,27
2020-11-17,"Jackson County",75,40,6.0293093,21.098364,45.39537,82.04454,13,19.986454
2020-11-17,"Lake County",75,53,7.251221,29.43079,59.575695,86.66759,11,19.986454
2020-11-17,"Lee County",82,63,10.5973485,42.18571,67.19979,93.37325,17,27
2020-11-17,"Leon County",74,41,5.1772504,21.532473,49.438305,81.97894,12,17.379524
2020-11-17,"Manatee County",79,61,8.428472,32.15175,56.715843,87.135025,16,20.85543
2020-11-17,"Marion County",73,46,4.654088,27.89233,59.84769,86.06188,10,14.772596
2020-11-17,"Martin County",80.6,73.4,10.827178,49.90303,62.768654,88.588776,15,23
2020-11-17,"Miami-Dade County",84.4,69,9.360867825,57.603676,77.9371225,100,21,27
2020-11-17,"Monroe County",90,74,13.0293093333333,58.09791,76.8349133333333,93.52941,21,30
2020-11-17,"Nassau County",71.8,47.8,7.1672473,25.795563,54.718933,87.982,13,17
2020-11-17,"Okaloosa County",75.6,37.4,7.47573112,16.94964,43.1538504,85.8089,16,20
2020-11-17,"Okeechobee County",78.8,59,5.58885,50.43159,73.1982,88.259766,15,21
2020-11-17,"Orange County",78,57,8.024773,35.458324,60.459888,89.52252,14,19.986454
2020-11-17,"Osceola County",77,60.1,6.3760448,38.570995,60.732365,83.41765,12,17
2020-11-17,"Palm Beach County",84.2,68,10.2011035,50.693428,74.73232975,100,20,29
2020-11-17,"Pasco County",76.3,50.5,6.630662,29.498293,64.61828,96.21602,13,20
2020-11-17,"Pinellas County",76,57.2,9.214575,22.023153,49.7579053333333,89.89542,15,22.593382
2020-11-17,"Polk County",81,57.2,7.558556375,35.657234,63.49676325,100,14,20
2020-11-17,"Santa Rosa County",75,39.9,7.83139515,24.420633,42.9951115,79.33944,16,21
2020-11-17,"Sarasota County",78.8,60.8,10.344948,33.851604,65.12812,94.01323,16,22
2020-11-17,"Seminole County",76,56,8.036985,32.982433,56.486027,77.97277,12,19.117477
2020-11-17,"St. Johns County",70,53,7.501393,27.647263,56.375443,73.89112,13,18.2485
2020-11-17,"St. Lucie County",80,65,7.013259,53.089157,66.88061,93.26418,12,22.593382
2020-11-17,"Suwannee County",71.6,41,1.8118467,21.501514,52.220222,100,7,13
2020-11-17,"Volusia County",73.8,51.3,5.320600875,29.534416,65.902575,89.52252,18,23.462358
2020-11-17,"Walton County",71.8,43.7,4.6132402,20.391602,43.61418,76.290985,12,19
2020-11-18,"Alachua County",70,46,9.731333,46.924103,61.545845,80.064575,17,26.069286
2020-11-18,"Bay County",69,41,9.39476933333333,20.06199,42.1231433333333,75.93673,16,22.593382
2020-11-18,"Bradford County",68,46.4,9.264809,29.815767,50.44395,81.47353,19,25
2020-11-18,"Brevard County",78.8,55,13.2906879,40.73009,53.560969,83.87503,24,31
2020-11-18,"Broward County",81,68,14.981333,50.36098,59.02203275,83.80627,21,32.152122
2020-11-18,"Charlotte County",80,56,12.558968,45.207962,62.78597,80.7574,22,30.41417
2020-11-18,"Citrus County",73.4,46.4,7.9930315,43.415268,60.276815,81.99482,17,26
2020-11-18,"Collier County",82,57.2,11.680983,44.79674,61.6663996666667,84.43778,23,29
2020-11-18,"Dixie County",69,42,8.463414,38.307247,56.29148,83.29399,15,22
2020-11-18,"Duval County",69.8,44.6,12.4417576,37.31991,61.3603606,83.28233,22,30.41417
2020-11-18,"Escambia County",70,48,8.78659385,20.752853,36.56451,50.879093,15,21
2020-11-18,"Flagler County",69.8,50,10.971326,52.24899,58.067543,81.60587,17,28
2020-11-18,"Franklin County",70,46,9.539428,21.401623,39.960293,60.790253,14,22
2020-11-18,"Gadsden County",64.4,42.8,7.101045,22.05997,47.20475,87.08903,13,18
2020-11-18,"Hendry County",79.3,57.9,13.895471,47.52029,66.6626,85.63125,23,29
2020-11-18,"Hernando County",76,47,10.214236,44.59487,55.826706,71.694244,18,28
2020-11-18,"Highlands County",78.8,52.3,10.526133,46.274105,69.14565,88.16865,23,29
2020-11-18,"Hillsborough County",78.8,51.8,9.02647384,39.188965,54.5222158,93.548386,21,28
2020-11-18,"Holmes County",68,41,4.122392,23.085554,55.98917,88.71353,9,16
2020-11-18,"Indian River County",79,60.6,15.1582325,47.717403,55.2272525,72.87306,21,29.545193
2020-11-18,"Jackson County",65,42,7.642708,24.746288,45.06151,70.63551,16,22.593382
2020-11-18,"Lake County",76,52,11.108165,48.179935,63.43481,80.52033,19,28
2020-11-18,"Lee County",81,59,12.4099795,43.592644,58.345852,78.0474,23,31.283144
2020-11-18,"Leon County",67,41,6.9504538,21.03853,40.354042,70.30391,13,19.117477
2020-11-18,"Manatee County",80,57,11.19679,45.04131,54.985344,72.33054,19,27.80724
2020-11-18,"Marion County",72,46,7.5450735,45.80888,62.288292,89.08853,13,24.331335
2020-11-18,"Martin County",77,69.8,15.197212,46.43395,51.81368,60.208565,20,30
2020-11-18,"Miami-Dade County",80.6,66,13.167475,49.870277,64.59221425,90.400345,23,33
2020-11-18,"Monroe County",86,71,16.130496,55.979965,66.7431466666667,78.350044,22,33
2020-11-18,"Nassau County",65.5,52.3,13.296167,42.204765,63.07336,91.21395,19,27
2020-11-18,"Okaloosa County",70,34.7,6.52358654,10.984987,41.7070968,85.8089,13,21.724405
2020-11-18,"Okeechobee County",78.8,53.6,5.240418,47.251026,65.10396,87.5587,18,26
2020-11-18,"Orange County",76,55,10.7665735,43.27544,59.4529265,74.07678,20,29
2020-11-18,"Osceola County",75.9,57,10.554317,47.992485,58.35404,70.073,20,27
2020-11-18,"Palm Beach County",80.6,62.6,15.18112675,41.971546,56.17736975,93.83344,22,30
2020-11-18,"Pasco County",77.7,48,9.543554,44.92787,64.710724,92.41094,18,25
2020-11-18,"Pinellas County",76,53.6,12.9241148333333,38.55561,56.5040053333333,75.11152,23,30
2020-11-18,"Polk County",79,53,10.222852875,41.41535,61.289885,87.5587,19,30
2020-11-18,"Santa Rosa County",70,37,6.45784875,23.060644,45.8094735,75.74727,11,17
2020-11-18,"Sarasota County",80.6,57.2,12.557491,41.971546,60.81064,82.12183,22,29
2020-11-18,"Seminole County",76,57,11.283321,43.27544,56.361843,68.89796,20,28
2020-11-18,"St. Johns County",68,53,14.846797,50.712208,57.473392,66.610664,21,27
2020-11-18,"St. Lucie County",78,60,9.364271,51.36774,58.249596,86.66759,14,25.200312
2020-11-18,"Suwannee County",66.2,44.6,5.0174217,29.918251,49.03381,70.67934,12,16
2020-11-18,"Volusia County",74,52,9.11127575,47.121593,58.0297273333333,82.75765,23,31.283144
2020-11-18,"Walton County",66.6,43.7,5.587814,21.88903,39.45826,51.757572,12,16
2020-11-19,"Alachua County",71,47,7.3300767,65.34607,83.68735,100,15,22.593382
2020-11-19,"Bay County",73.9,43.9,7.949919,46.132286,62.5753466666667,86.76975,14,19
2020-11-19,"Bradford County",69.8,46.4,7.358885,68.15294,88.50133,100,12,18
2020-11-19,"Brevard County",78.8,66.2,13.1908742,41.799503,62.893206,89.814255,23,30.41417
2020-11-19,"Broward County",80,69,16.02093525,52.377285,61.7906045,100,24,32.152122
2020-11-19,"Charlotte County",79,59,10.043266,57.50355,75.70444,93.28895,18,34
2020-11-19,"Citrus County",75.2,50,5.0331011,49.90303,81.287125,100,13,19
2020-11-19,"Collier County",82,59,9.02621733333333,44.52333,73.9885333333333,93.924324,19,27
2020-11-19,"Dixie County",73,46,6.898955,55.812595,72.30524,91.71503,12,17.379524
2020-11-19,"Duval County",70,46,11.2768722,56.81562,81.9336558,93.83344,22,31
2020-11-19,"Escambia County",69,50,7.518106,45.402477,63.3278075,86.76975,13,17.379524
2020-11-19,"Flagler County",73.4,65.3,10.250871,49.636288,61.934715,88.17534,15,22
2020-11-19,"Franklin County",71,47,9.14515,52.80147,65.93494,83.22815,15,22
2020-11-19,"Gadsden County",71.6,41,5.9930315,46.43395,70.3772,93.693306,11,16
2020-11-19,"Hendry County",77.9,64.9,12.5958185,51.99088,73.04056,96.564804,20,26
2020-11-19,"Hernando County",77,53,8.245639,51.429405,72.09904,90.247734,15,24.331335
2020-11-19,"Highlands County",77.2,61,9.76655,55.133537,76.52401,93.25589,18,24
2020-11-19,"Hillsborough County",77,55.4,7.36397702,46.980213,67.549894,88.09003,17,23
2020-11-19,"Indian River County",79,66.4,14.5586355,51.718468,66.025797,88.82083,20,27
2020-11-19,"Jackson County",71,39,6.6727147,47.06146,65.46867,79.852875,13,17.379524
2020-11-19,"Lake County",76,54,6.884159,57.50355,81.77685,96.55186,18,23.462358
2020-11-19,"Lee County",80,60,9.3869505,42.031292,71.985055,89.48413,18,28
2020-11-19,"Leon County",73,47,7.268667,47.228798,58.405853,77.721375,11,19.117477
2020-11-19,"Manatee County",77,59,9.317515,57.355286,69.44992,81.40943,17,26
2020-11-19,"Marion County",70,49,6.739343,62.797375,82.89639,93.53832,11,16
2020-11-19,"Martin County",77,68,15.332404,43.694447,61.215763,88.259766,20,28
2020-11-19,"Miami-Dade County",81,69,14.69067175,44.79674,63.4478795,87.23564,23,30.41417
2020-11-19,"Monroe County",87,72,14.9306813333333,55.979965,67.41241,81.19648,21,33
2020-11-19,"Nassau County",64.9,52.3,12.602787,60.667706,92.12122,100,17,29
2020-11-19,"Okaloosa County",73,34,5.22148088,40.81297,59.87776,92.7389,12,19.986454
2020-11-19,"Okeechobee County",77,62.6,4.285714,50.43159,72.35855,93.879135,13,20
2020-11-19,"Orange County",77,59,9.466155,51.429405,69.91403,85.99398,20,29
2020-11-19,"Osceola County",77,61,8.731197,51.718468,72.497406,90.642,21,26
2020-11-19,"Palm Beach County",80.6,69.8,15.3103255,44.756134,59.9522545,78.96904,21,30.41417
2020-11-19,"Pasco County",76.8,53.1,8.010453,50.563087,73.79735,89.89419,15,20
2020-11-19,"Pinellas County",74,55.4,10.4163716666667,53.289276,72.604998,88.00381,19,29.545193
2020-11-19,"Polk County",78,56,9.02262225,48.116283,72.46561875,100,18,26
2020-11-19,"Sarasota County",77,59,10.254355,60.674168,74.158005,88.17534,17,24
2020-11-19,"Seminole County",76,64,8.278437,49.775276,68.96001,83.90756,20,27
2020-11-19,"St. Johns County",75,63,13.570334,55.06128,65.93101,77.748055,19,24.331335
2020-11-19,"St. Lucie County",80,68,12.053036,51.718468,65.71392,81.26576,19,27
2020-11-19,"Suwannee County",71.6,44.6,5.9268293,49.636288,69.367676,87.828606,11,16
2020-11-19,"Volusia County",75.2,57.6,7.68372025,49.636288,67.2983713333333,95.51189,18,31.283144
2020-11-19,"Walton County",69.4,43.7,2.2020905,46.893524,61.50497,79.813614,11,15
2020-11-20,"Alachua County",74,57,6.8843207,70.870895,92.61548,100,11,19.986454
2020-11-20,"Bay County",78.3,54,6.21590146666667,48.629387,70.3738416666667,92.93536,10,13.90362
2020-11-20,"Bradford County",75.2,59,6.8850174,64.90684,92.74917,100,15,21
2020-11-20,"Brevard County",80.6,67,9.8826364,52.96312,71.22544,94.10022,19,28
2020-11-20,"Broward County",82,69,14.44599275,61.918896,72.6668275,100,22,31.283144
2020-11-20,"Charlotte County",82,63,8.958828,50.650837,80.808655,93.56222,16,21.724405
2020-11-20,"Citrus County",78.8,59,3.879791,57.603676,87.787783,100,12,19
2020-11-20,"Collier County",83,62.6,8.70769933333333,50.650837,79.06204,100,18,25.200312
2020-11-20,"Columbia County",73.4,53.6,5.891986,60.674168,83.95211,100,11,16
2020-11-20,"Dixie County",76,55,5.2090592,62.43429,84.98699,97.869316,12,16
2020-11-20,"Duval County",76,57.2,8.41283368,60.904324,85.759455,100,16,23.462358
2020-11-20,"Escambia County",76,55,5.95443415,49.775276,72.35592,93.008835,13,17.379524
2020-11-20,"Flagler County",75.2,64.8,6.836237,69.138725,81.58669,93.924324,15,20
2020-11-20,"Franklin County",76,54,7.2,57.50355,78.223434,100,11,19.986454
2020-11-20,"Gadsden County",77,51.8,5.247387,50.43159,76.844124,93.74054,11,14
2020-11-20,"Hendry County",80.6,64.2,9.808362,57.842686,83.95453,97.588356,20,24
2020-11-20,"Hernando County",81,59,8.092683,57.917896,79.956375,93.56222,16,20.85543
2020-11-20,"Highlands County",80.1,62.4,8.452962,57.95772,83.607956,95.89034,20,22
2020-11-20,"Hillsborough County",82.4,61.7,6.9414249,47.788013,74.918838,100,15,21
2020-11-20,"Indian River County",80,67.3,11.7982575,59.922417,70.290365,90.26141,18,26.069286
2020-11-20,"Jackson County",77,52,5.414634,48.30257,69.18772,86.2867,11,13.90362
2020-11-20,"Lake County",78,60,7.5351915,64.21361,92.5135,100,13,21.724405
2020-11-20,"Lee County",82,64,10.087805,52.661106,76.693215,90.642,19,27
2020-11-20,"Leon County",78,56,5.4682927,48.116283,69.13232,86.710846,11,15.641572
2020-11-20,"Manatee County",83,64,8.358189,49.028793,74.720215,89.96762,14,25.200312
2020-11-20,"Marion County",76,59,5.7421384,70.82827,89.49975,100,13,18.2485
2020-11-20,"Martin County",77,69.8,12.6891985,57.12049,68.541245,83.209045,18,28
2020-11-20,"Miami-Dade County",81.3,68,11.706096,54.30221,76.321418,100,21,29
2020-11-20,"Monroe County",92,72,11.5342923333333,54.357697,75.7130246666667,90.974266,17,28
2020-11-20,"Nassau County",74.1,60.8,8.818815,82.62461,91.2037,100,16,21
2020-11-20,"Okaloosa County",79,45.3,3.80774462,40.807938,71.8749558,93.05812,11,14.772596
2020-11-20,"Okeechobee County",77,60.8,2.630662,61.13273,83.63331,100,12,19
2020-11-20,"Orange County",79,61,8.04041835,54.079453,81.9527475,96.903595,18,22.593382
2020-11-20,"Osceola County",80.1,64,6.981198,55.979965,81.584045,93.53832,17,20
2020-11-20,"Palm Beach County",80.6,68,13.597187,54.30221,72.152755,94.10022,20,30
2020-11-20,"Pasco County",81.7,59.2,7.773519,54.055534,81.80444,96.55186,14,18
2020-11-20,"Pinellas County",79,60.8,8.46573783333333,50.693428,79.5268533333333,96.903595,22,26.938263
2020-11-20,"Polk County",82,62,7.83362375,50.52065,79.3274265,100,20,32
2020-11-20,"Santa Rosa County",78.1,48,4.5123244,46.572525,74.5030875,93.29195,9,17
2020-11-20,"Sarasota County",82.4,64.4,10.261324,50.953636,76.85091,93.96902,17,21
2020-11-20,"Seminole County",79,64,7.8118467,53.79913,78.18027,90.400345,14,21.724405
2020-11-20,"St. Johns County",76,65,9.83287,68.63514,84.13397,93.96902,17,21.724405
2020-11-20,"St. Lucie County",79,69,8.804878,59.80582,73.16849,90.594666,14,22
2020-11-20,"Suwannee County",75.2,53.6,4.045296,53.545055,84.06928,100,10,12
2020-11-20,"Volusia County",78,59.9,5.710517675,64.90684,85.4705066666667,100,16,23.462358
2020-11-21,"Alachua County",78,62,7.7976274,62.300663,90.681595,100,14,21.724405
2020-11-21,"Bay County",79,54,6.1548027,48.279877,73.7228203333333,93.758766,12,14.772596
2020-11-21,"Bradford County",77,62.6,7.512195,50.43159,91.488205,100,14,22
2020-11-21,"Brevard County",78.8,65.8,8.24619886,61.018745,82.330384,100,18,24.331335
2020-11-21,"Broward County",83,74,10.734822,64.68674,74.769795,90.73938,16,23.462358
2020-11-21,"Charlotte County",81,65,9.036985,69.06545,85.42479,93.56222,16,24.331335
2020-11-21,"Citrus County",78.8,64.4,4.56620185,54.051514,85.574255,100,14,19
2020-11-21,"Collier County",85,62.6,7.315412,52.71415,79.0298433333333,100,15,19.986454
2020-11-21,"Columbia County",73.4,59,4.585366,53.289276,85.98434,100,9,16
2020-11-21,"Dixie County",78,57,5.8118467,61.806736,85.45668,100,12,17.379524
2020-11-21,"Duval County",80.6,62,9.23325412,50.953636,85.466835,100,18,24.331335
2020-11-21,"Escambia County",81,57,6.0411245,40.668427,66.273515,85.99398,12,15.641572
2020-11-21,"Flagler County",78.8,66,7.0383277,57.603676,80.64585,95.255516,15,21
2020-11-21,"Franklin County",80,62,7.595255,54.079453,74.96726,93.180626,11,16.51055
2020-11-21,"Gadsden County",77,55.4,5.045296,57.12049,83.090935,100,12,15
2020-11-21,"Hendry County",81.5,63.9,8.090592,72.266754,89.709274,99.30421,19,21
2020-11-21,"Hernando County",80,65,8.369853,50.36098,79.91388,93.924324,14,22.593382
2020-11-21,"Highlands County",75.2,64,6.9825783,86.460464,94.660416,100,15,22
2020-11-21,"Hillsborough County",79,64.4,6.4203234,57.603676,82.9877608,100,19,23
2020-11-21,"Indian River County",78.6,70.9,10.0176955,71.032486,82.015002,94.05696,18,23.462358
2020-11-21,"Jackson County",77,54,5.8164687,48.30257,73.81701,93.31721,11,17.379524
2020-11-21,"Lake County",80,65,7.9720864,52.16248,87.187675,100,14,21.724405
2020-11-21,"Lee County",84,65,8.6957435,49.508762,79.499005,93.37325,15,25.200312
2020-11-21,"Leon County",76,57,5.003489,57.50355,75.7052,93.0668,12,16.51055
2020-11-21,"Manatee County",78,66,8.717376,71.14396,86.419945,93.319046,15,25.200312
2020-11-21,"Marion County",79,64.9,6.3186584,60.064335,86.75747,100,11,19.986454
2020-11-21,"Martin County",77,71.6,9.334495,64.69341,75.77425,88.42599,13,20
2020-11-21,"Miami-Dade County",82.4,68,8.154456825,59.831806,81.21638875,100,16,26
2020-11-21,"Monroe County",90,72,11.178181,63.156197,80.5727433333333,93.77152,16,24
2020-11-21,"Nassau County",75.2,66,9.825784,78.71904,93.171364,100,17,23
2020-11-21,"Okaloosa County",81.3,48,4.26582176,33.968075,67.6683204,95.98142,11,16.51055
2020-11-21,"Okeechobee County",75.2,62.6,1.5749129,78.335495,92.463554,100,10,15
2020-11-21,"Orange County",80,64,7.8401952,55.979965,84.002445,100,17,26.069286
2020-11-21,"Osceola County",78.8,66.2,6.8593316,65.32855,86.72085,100,16,25
2020-11-21,"Palm Beach County",84.2,66.2,10.276518125,54.798595,73.1808665,100,18,25
2020-11-21,"Pasco County",79.2,63.7,7.937282,55.185986,85.11619,96.9023,14,20
2020-11-21,"Pinellas County",77,64.4,8.37032483333333,60.904324,86.2669783333333,100,19,27
2020-11-21,"Polk County",79,62,6.956166225,64.21361,88.95168125,100,16,26.069286
2020-11-21,"Sarasota County",78.8,66.2,10.665505,69.52137,90.6255,100,16,21
2020-11-21,"Seminole County",80,66,7.737613,54.079453,79.69444,93.28895,20,24.331335
2020-11-21,"St. Johns County",76,67,9.980501,70.82827,87.600136,100,15,22
2020-11-21,"St. Lucie County",78,70,7.115841,71.14396,84.324295,100,15,20.85543
2020-11-21,"Suwannee County",73.4,57.2,3.1149826,68.94494,90.17989,100,8,14
2020-11-21,"Volusia County",80,64,5.637217825,53.54242,82.6312733333333,100,18,23.462358
2020-11-22,"Alachua County",76,61,6.3886952,73.677185,94.552956,100,11,15.641572
2020-11-22,"Bay County",80.6,60,4.719898,51.89204,72.179182,90.82899,10,13.034643
2020-11-22,"Bradford County",73.4,60.8,5.477352,83.209045,99.024864,100,10,16
2020-11-22,"Brevard County",77,68,2.79909504,78.04456,91.720808,100,17,22
2020-11-22,"Broward County",83,70,6.857641425,71.34513,84.6969,100,15,22
2020-11-22,"Charlotte County",85,64,5.4940686,54.77119,83.626755,96.92933,9,13.034643
2020-11-22,"Citrus County",77,62.6,3.64634155,69.330864,93.32713,100,10,14
2020-11-22,"Collier County",87,64.4,4.96663983333333,51.724586,84.7791983333333,100,11,15.641572
2020-11-22,"Duval County",75.2,61,6.3044108,73.6111,91.087058,100,13,16.51055
2020-11-22,"Escambia County",77,57,4.395106,62.300663,75.832895,93.15526,7,11.296691
2020-11-22,"Franklin County",76,63,5.199581,66.2685,79.650154,93.180626,10,17.379524
2020-11-22,"Hernando County",80,66,6.6929517,69.06545,85.85206,96.24429,9,14.772596
2020-11-22,"Hillsborough County",81,64.4,4.11055228,57.842686,84.693576,100,11,14
2020-11-22,"Indian River County",78,68.9,4.44166755,79.01681,93.107325,100,11,17.379524
2020-11-22,"Jackson County",78,56,2.8325193,44.900772,73.044205,93.008835,7,16.51055
2020-11-22,"Lake County",77,65,6.6810884,79.47427,95.67125,100,11,16.51055
2020-11-22,"Lee County",86,66,4.940335,49.437626,80.48528,96.9686,8,13.90362
2020-11-22,"Leon County",80,54,3.628053,48.413292,70.819756,93.29195,7,12.165668
2020-11-22,"Manatee County",82,66,6.374738,64.68674,84.70589,96.92933,9,16
2020-11-22,"Marion County",75,65,4.6191473,78.86083,94.373604,100,8,17.379524
2020-11-22,"Martin County",82.4,69.8,4.754007,61.807594,79.65058,94.05696,11,15
2020-11-22,"Miami-Dade County",84.4,68,4.858511325,61.807594,89.191039,100,14,17.379524
2020-11-22,"Monroe County",91,72,8.39334716666667,67.05904,82.5782586666667,96.99354,14,20
2020-11-22,"Nassau County",72.3,64,7.634146,92.456024,98.872284,100,13,19
2020-11-22,"Okaloosa County",80,51.6,3.2434778,48.57582,72.4434512,94.28066,8,10.427715
2020-11-22,"Orange County",78,64,5.39183545,73.48776,89.04611,100,9,13.90362
2020-11-22,"Palm Beach County",86,68,7.99675565,55.044296,77.19697125,100,15,21
2020-11-22,"Pinellas County",80,64.4,5.55896796666667,69.330864,89.2749883333333,100,13,16.51055
2020-11-22,"Polk County",82,62,4.736981175,60.283,86.7893035,100,10,13.90362
2020-11-22,"Sarasota County",82.4,66.2,7.327526,61.807594,88.013756,100,12,17
2020-11-22,"Seminole County",75,67,5.994417,78.7032,89.95887,93.4268,10,13.034643
2020-11-22,"St. Johns County",73,67,6.6239552,88.34331,94.04095,100,10,18.2485
2020-11-22,"St. Lucie County",79,69,3.7704117,79.10189,93.49162,100,10,17.379524
2020-11-22,"Volusia County",71.6,65.5,2.99304845,83.09303,97.2821213333333,100,14,18
2020-11-23,"Alachua County",76,51,4.650384,49.775276,84.16371,100,10,17.379524
2020-11-23,"Bay County",71.6,44,7.1896572,49.57679,71.9936366666667,93.008835,13,19.117477
2020-11-23,"Bradford County",75.2,51.8,5.243902,38.461056,82.553925,100,11,15
2020-11-23,"Brevard County",78.8,61,9.28688246,54.051514,79.2589638,100,20,26
2020-11-23,"Broward County",83,69,7.265178125,59.831806,82.64298375,100,14,19.117477
2020-11-23,"Charlotte County",82,59,6.77739,46.69717,80.94355,96.92933,12,18.2485
2020-11-23,"Collier County",80.6,62.6,6.17165733333333,57.603676,84.0792683333333,100,12,19.117477
2020-11-23,"Columbia County",73.4,51.8,4.083624,49.636288,76.79635,100,11,15
2020-11-23,"Dixie County",77,49,3.9756098,44.435867,80.82098,100,11,16
2020-11-23,"Duval County",78.8,51.8,6.51984292,41.41535,78.590772,100,13,19
2020-11-23,"Escambia County",70,45,7.162186,41.896725,71.551015,93.03501,14,24.331335
2020-11-23,"Flagler County",73.4,59.2,5.756098,56.630344,80.76568,100,14,17
2020-11-23,"Franklin County",77,50,7.1570134,43.82842,71.813286,95.98142,12,16.51055
2020-11-23,"Gadsden County",69.8,44.6,4.6271777,43.13465,80.1462,100,10,16
2020-11-23,"Hendry County",78.1,63.7,7.8466897,60.639645,88.749985,100,15,16
2020-11-23,"Hernando County",79,53,5.058618,46.396816,76.84268,96.903595,11,16.51055
2020-11-23,"Highlands County",79,62.1,8.2125435,50.25906,81.48544,98.970985,14,18
2020-11-23,"Hillsborough County",80.6,59,5.22418356,39.024536,71.3471088,100,13,20.85543
2020-11-23,"Holmes County",72,44,3.5605006,37.813534,80.906654,96.7575,9,15
2020-11-23,"Indian River County",77,64,9.344888,66.2685,84.788975,100,18,27
2020-11-23,"Jackson County",70,43,4.6399164,37.31991,71.2331,93.29195,12,17.379524
2020-11-23,"Lake County",78,58,5.781577,50.06913,82.70457,100,11,17.379524
2020-11-23,"Lee County",82,64,6.58339135,50.52065,79.263385,100,13,18.2485
2020-11-23,"Leon County",73,43,4.9609213,39.257133,72.59624,93.31721,12,29
2020-11-23,"Manatee County",80,64,7.043964,43.444717,71.90877,93.40279,14,19.986454
2020-11-23,"Marion County",77,55,4.3626833,49.775276,81.60345,100,11,15.641572
2020-11-23,"Martin County",75.2,68,6.6516128,64.69341,80.55326,94.05696,14,20
2020-11-23,"Miami-Dade County",82.4,68,6.998244625,58.07999,82.6947785,100,15,20.85543
2020-11-23,"Monroe County",87,72,9.85159333333333,66.493004,81.9389933333333,97.016945,16,19.986454
2020-11-23,"Okaloosa County",71,36.7,6.46314254,38.03977,72.22764,93.64554,16,22
2020-11-23,"Okeechobee County",77,62.6,5.616725,57.362946,84.469864,100,13,20
2020-11-23,"Orange County",78,60,8.098744,46.396816,74.6251175,100,15,22.593382
2020-11-23,"Osceola County",78.1,64,6.95195,48.116283,73.77182,100,12,18
2020-11-23,"Palm Beach County",81,66.2,8.287711175,61.3594,82.90292875,100,17,23.462358
2020-11-23,"Pasco County",78.3,55.4,6.195122,46.90878,78.08548,96.7919,16,19
2020-11-23,"Pinellas County",78,62.6,7.32509283333333,49.870277,79.214288,100,15,23
2020-11-23,"Polk County",79,60.8,7.11809915,40.357548,73.462351,100,13,21.724405
2020-11-23,"Santa Rosa County",70,39,8.0049153,41.896725,75.71306,93.31721,14,22
2020-11-23,"Sarasota County",80.6,62.6,8.090592,41.971546,78.402504,100,14,19
2020-11-23,"Seminole County",78,63,7.975576,48.116283,73.86703,93.319046,13,18
2020-11-23,"St. Johns County",73,64,7.921309,61.150173,80.11564,96.92933,15,18.2485
2020-11-23,"St. Lucie County",77,63,5.9553385,68.63514,88.027534,100,13,23.462358
2020-11-23,"Suwannee County",75.2,48.2,1.9930314,41.135265,78.589935,100,8,14
2020-11-23,"Volusia County",76.3,58.1,5.32300975,55.960964,81.98008,100,18,22.593382
2020-11-23,"Walton County",67.6,41.9,2.5505226,43.868107,74.2564,94.99857,12,15
